utc,model,input_tokens_incl_cached,cached_tokens,output_tokens_incl_reasoning,reasoning_tokens,list_cost_usd,standard_price_cost_usd
2026-10-01T07:54:33.552Z,muse-spark-1.3-contributor,26218,13809,19,8,0.001272,0.017663
2026-10-01T07:59:34.652Z,muse-spark-1.3-contributor,26184,8433,380,206,0.001868,0.025069
2026-10-01T07:59:47.344Z,muse-spark-1.3-contributor,32380,26097,495,440,0.000779,0.013872
2026-10-01T08:00:07.289Z,muse-spark-1.3-contributor,40823,32369,2140,650,0.001338,0.024518
2026-10-01T08:00:16.415Z,muse-spark-1.3-contributor,43038,40817,1439,287,0.000592,0.015015
2026-10-01T08:00:26.559Z,muse-spark-1.3-contributor,44550,42993,845,773,0.000411,0.011986
2026-10-01T08:00:36.151Z,muse-spark-1.3-contributor,47248,44529,613,490,0.000484,0.012683
2026-10-01T08:00:47.532Z,muse-spark-1.3-contributor,52546,47217,922,806,0.000812,0.017662
2026-10-01T08:01:11.910Z,muse-spark-1.3-contributor,53577,5745,4266,510,0.005648,0.078782
2026-10-01T08:01:17.408Z,muse-spark-1.3-contributor,20838,0,451,22,0.002174,0.027964
2026-10-01T08:01:18.283Z,muse-spark-1.3-contributor,20842,5361,446,13,0.001648,0.022051
2026-10-01T08:01:18.612Z,muse-spark-1.3-contributor,20862,5361,542,26,0.001669,0.022484
2026-10-01T08:01:19.139Z,muse-spark-1.3-contributor,59560,53489,331,171,0.000780,0.017019
2026-10-01T08:01:19.659Z,muse-spark-1.3-contributor,20829,8561,696,22,0.001383,0.019577
2026-10-01T08:01:20.500Z,muse-spark-1.3-contributor,20866,5361,620,181,0.001685,0.022820
2026-10-01T08:01:23.829Z,muse-spark-1.3-contributor,36938,20721,401,0,0.001743,0.025084
2026-10-01T08:01:24.206Z,muse-spark-1.3-contributor,20870,0,762,82,0.002239,0.029326
2026-10-01T08:01:25.397Z,muse-spark-1.3-contributor,46125,20849,543,32,0.002678,0.037030
2026-10-01T08:01:27.032Z,muse-spark-1.3-contributor,39515,20721,324,137,0.001986,0.027978
2026-10-01T08:01:27.711Z,muse-spark-1.3-contributor,36471,20849,502,77,0.001704,0.024788
2026-10-01T08:01:29.558Z,muse-spark-1.3-contributor,47193,36849,223,117,0.001153,0.019405
2026-10-01T08:01:30.451Z,muse-spark-1.3-contributor,52435,39409,174,6,0.001416,0.022933
2026-10-01T08:01:30.917Z,muse-spark-1.3-contributor,65393,46065,292,104,0.002083,0.032311
2026-10-01T08:01:33.123Z,muse-spark-1.3-contributor,63843,52337,95,10,0.001274,0.022637
2026-10-01T08:01:33.937Z,muse-spark-1.3-contributor,75071,65393,113,12,0.001121,0.022387
2026-10-01T08:01:34.960Z,muse-spark-1.3-contributor,51895,36465,411,67,0.001698,0.026504
2026-10-01T08:01:40.585Z,muse-spark-1.3-contributor,62428,51825,234,130,0.001211,0.022022
2026-10-01T08:01:40.886Z,muse-spark-1.3-contributor,42109,20849,753,163,0.002318,0.032903
2026-10-01T08:01:41.178Z,muse-spark-1.3-contributor,38285,20721,445,16,0.001887,0.026954
2026-10-01T08:01:50.572Z,muse-spark-1.3-contributor,47911,38257,262,75,0.001094,0.018920
2026-10-01T08:01:53.546Z,muse-spark-1.3-contributor,53059,47857,95,12,0.000635,0.014085
2026-10-01T08:01:57.044Z,muse-spark-1.3-contributor,57584,52977,114,31,0.000589,0.014190
2026-10-01T08:04:35.925Z,muse-spark-1.3-contributor,57738,5361,12290,12183,0.007706,0.118508
2026-10-01T08:04:43.503Z,muse-spark-1.3-contributor,70049,57713,186,88,0.001386,0.024867
2026-10-01T08:04:43.842Z,muse-spark-1.3-contributor,75973,74993,13069,11849,0.002862,0.068017
2026-10-01T08:05:07.710Z,muse-spark-1.3-contributor,70331,70001,2681,1640,0.000709,0.022307
2026-10-01T08:06:26.876Z,muse-spark-1.3-contributor,60988,59505,346,78,0.000337,0.012250
2026-10-01T08:06:27.478Z,muse-spark-1.3-contributor,20800,0,356,11,0.002151,0.027513
2026-10-01T08:06:30.599Z,muse-spark-1.3-contributor,35496,20721,116,10,0.001542,0.022070
2026-10-01T08:06:33.099Z,muse-spark-1.3-contributor,45534,35441,78,0,0.001096,0.018264
2026-10-01T08:06:37.267Z,muse-spark-1.3-contributor,61891,60913,1261,330,0.000472,0.015719
2026-10-01T08:06:42.658Z,muse-spark-1.3-contributor,20858,8433,536,18,0.001367,0.019074
2026-10-01T08:06:42.859Z,muse-spark-1.3-contributor,20888,0,443,15,0.002177,0.027993
2026-10-01T08:06:43.677Z,muse-spark-1.3-contributor,63585,61809,492,245,0.000400,0.013582
2026-10-01T08:06:47.681Z,muse-spark-1.3-contributor,38010,20849,445,18,0.001847,0.026470
2026-10-01T08:06:49.389Z,muse-spark-1.3-contributor,48111,20849,523,11,0.002872,0.039428
2026-10-01T08:06:53.344Z,muse-spark-1.3-contributor,57824,0,470,41,0.005876,0.074277
2026-10-01T08:06:54.424Z,muse-spark-1.3-contributor,66442,47985,365,19,0.002015,0.031820
2026-10-01T08:06:59.069Z,muse-spark-1.3-contributor,87452,66417,263,78,0.002289,0.037374
2026-10-01T08:06:59.727Z,muse-spark-1.3-contributor,66776,63473,1178,817,0.000693,0.018656
2026-10-01T08:07:04.683Z,muse-spark-1.3-contributor,77872,57713,462,37,0.002224,0.035819
2026-10-01T08:07:07.455Z,muse-spark-1.3-contributor,69509,66673,401,270,0.000497,0.015250
2026-10-01T08:07:10.763Z,muse-spark-1.3-contributor,99844,77809,430,5,0.002445,0.041043
2026-10-01T08:07:19.541Z,muse-spark-1.3-contributor,112602,99825,569,305,0.001591,0.033363
2026-10-01T08:07:25.157Z,muse-spark-1.3-contributor,56171,45425,4699,4421,0.002105,0.040217
2026-10-01T08:07:37.175Z,muse-spark-1.3-contributor,63605,56049,145,25,0.000897,0.018469
2026-10-01T08:07:43.030Z,muse-spark-1.3-contributor,63771,63601,276,89,0.000199,0.010926
2026-10-01T08:07:46.111Z,muse-spark-1.3-contributor,66868,8433,200,96,0.005900,0.075159
2026-10-01T08:07:51.193Z,muse-spark-1.3-contributor,76612,63729,233,115,0.001462,0.026653
2026-10-01T08:07:51.660Z,muse-spark-1.3-contributor,67110,66801,122,37,0.000189,0.010925
2026-10-01T08:08:02.673Z,muse-spark-1.3-contributor,76993,76529,123,0,0.000224,0.012582
2026-10-01T08:08:08.391Z,muse-spark-1.3-contributor,77137,76913,361,197,0.000248,0.013351
2026-10-01T08:08:12.313Z,muse-spark-1.3-contributor,78946,77041,333,42,0.000411,0.015353
2026-10-01T08:08:16.373Z,muse-spark-1.3-contributor,80603,78833,189,53,0.000372,0.014841
2026-10-01T08:09:18.188Z,muse-spark-1.3-contributor,82358,80497,5583,5456,0.001464,0.038129
2026-10-01T08:09:21.429Z,muse-spark-1.3-contributor,89572,82289,118,34,0.000916,0.021949
2026-10-01T08:09:51.494Z,muse-spark-1.3-contributor,114413,112497,12751,12497,0.002967,0.073461
2026-10-01T08:09:56.385Z,muse-spark-1.3-contributor,127204,114289,150,14,0.001550,0.033925
2026-10-01T08:10:16.799Z,muse-spark-1.3-contributor,90781,89457,3981,3879,0.001108,0.031993
2026-10-01T08:10:28.902Z,muse-spark-1.3-contributor,70075,69489,445,139,0.000287,0.013047
2026-10-01T08:10:30.125Z,muse-spark-1.3-contributor,127619,127089,216,0,0.000350,0.020644
2026-10-01T08:10:35.340Z,muse-spark-1.3-contributor,127875,127601,259,16,0.000334,0.020583
2026-10-01T08:10:52.319Z,muse-spark-1.3-contributor,70893,70001,816,247,0.000392,0.015083
2026-10-01T08:10:59.088Z,muse-spark-1.3-contributor,20809,0,235,130,0.002128,0.027010
2026-10-01T08:11:00.368Z,muse-spark-1.3-contributor,20841,5361,476,41,0.001654,0.022177
2026-10-01T08:11:01.823Z,muse-spark-1.3-contributor,26439,20721,87,3,0.000631,0.010625
2026-10-01T08:11:03.399Z,muse-spark-1.3-contributor,72407,70769,1180,604,0.000541,0.017678
2026-10-01T08:11:04.781Z,muse-spark-1.3-contributor,33525,26353,79,0,0.000786,0.013254
2026-10-01T08:11:06.955Z,muse-spark-1.3-contributor,94959,90737,729,22,0.000749,0.021986
2026-10-01T08:11:08.179Z,muse-spark-1.3-contributor,40810,33521,79,0,0.000812,0.014475
2026-10-01T08:11:08.425Z,muse-spark-1.3-contributor,36967,8433,472,47,0.002965,0.038938
2026-10-01T08:11:10.098Z,muse-spark-1.3-contributor,73874,72305,485,214,0.000399,0.014868
2026-10-01T08:11:13.479Z,muse-spark-1.3-contributor,20828,20593,621,20,0.000189,0.006022
2026-10-01T08:11:16.891Z,muse-spark-1.3-contributor,76318,73841,413,329,0.000478,0.015928
2026-10-01T08:11:19.146Z,muse-spark-1.3-contributor,47820,40689,343,237,0.000863,0.016475
2026-10-01T08:11:21.706Z,muse-spark-1.3-contributor,78229,76273,407,275,0.000430,0.015616
2026-10-01T08:11:25.350Z,muse-spark-1.3-contributor,55448,47729,188,104,0.000905,0.017607
2026-10-01T08:11:34.941Z,muse-spark-1.3-contributor,55744,55409,321,218,0.000209,0.010094
2026-10-01T08:11:43.060Z,muse-spark-1.3-contributor,63461,55665,226,141,0.000936,0.019055
2026-10-01T08:11:45.023Z,muse-spark-1.3-contributor,130070,127857,5224,4585,0.001522,0.044147
2026-10-01T08:11:50.813Z,muse-spark-1.3-contributor,70367,63345,170,84,0.000863,0.019002
2026-10-01T08:11:56.175Z,muse-spark-1.3-contributor,83837,70257,174,68,0.001533,0.028253
2026-10-01T08:12:00.805Z,muse-spark-1.3-contributor,97334,83825,111,25,0.001541,0.029932
2026-10-01T08:12:04.747Z,muse-spark-1.3-contributor,111599,97265,89,3,0.001646,0.032885
2026-10-01T08:12:08.356Z,muse-spark-1.3-contributor,125058,111473,108,2,0.001603,0.034161
2026-10-01T08:12:14.545Z,muse-spark-1.3-contributor,139073,125041,89,3,0.001671,0.036674
2026-10-01T08:12:20.771Z,muse-spark-1.3-contributor,153383,138993,109,23,0.001739,0.039300
2026-10-01T08:12:23.816Z,muse-spark-1.3-contributor,168017,153329,88,2,0.001793,0.041733
2026-10-01T08:12:29.909Z,muse-spark-1.3-contributor,182779,167921,109,3,0.001843,0.044224
2026-10-01T08:12:34.970Z,muse-spark-1.3-contributor,196243,182769,88,2,0.001731,0.044632
2026-10-01T08:12:39.719Z,muse-spark-1.3-contributor,209342,196209,109,3,0.001728,0.046311
2026-10-01T08:12:45.482Z,muse-spark-1.3-contributor,223466,209265,88,2,0.001856,0.049515
2026-10-01T08:12:50.345Z,muse-spark-1.3-contributor,238149,223345,88,2,0.001945,0.052381
2026-10-01T08:12:53.683Z,muse-spark-1.3-contributor,251791,238065,111,5,0.001871,0.053339
2026-10-01T08:12:57.702Z,muse-spark-1.3-contributor,266270,251761,88,2,0.001972,0.056274
2026-10-01T08:12:59.641Z,muse-spark-1.3-contributor,91040,90993,12605,12472,0.002708,0.067279
2026-10-01T08:13:03.195Z,muse-spark-1.3-contributor,103666,90993,105,24,0.001470,0.029936
2026-10-01T08:13:06.391Z,muse-spark-1.3-contributor,280686,266225,88,2,0.001996,0.058384
2026-10-01T08:13:10.098Z,muse-spark-1.3-contributor,294841,280561,90,4,0.002007,0.060317
2026-10-01T08:13:14.634Z,muse-spark-1.3-contributor,308619,294769,114,7,0.001997,0.062012
2026-10-01T08:13:18.693Z,muse-spark-1.3-contributor,322335,308593,105,19,0.002012,0.063913
2026-10-01T08:13:28.010Z,muse-spark-1.3-contributor,108948,103665,2088,1062,0.001153,0.031027
2026-10-01T08:15:26.600Z,muse-spark-1.3-contributor,79655,78193,263,99,0.000355,0.014674
2026-10-01T08:15:43.388Z,muse-spark-1.3-contributor,82550,79601,1883,694,0.000831,0.023629
2026-10-01T08:15:47.702Z,muse-spark-1.3-contributor,20822,0,133,23,0.002109,0.026593
2026-10-01T08:15:50.406Z,muse-spark-1.3-contributor,85034,82545,416,243,0.000497,0.017261
2026-10-01T08:15:50.776Z,muse-spark-1.3-contributor,26894,20721,80,0,0.000675,0.011164
2026-10-01T08:15:50.821Z,muse-spark-1.3-contributor,20828,5361,661,56,0.001690,0.022947
2026-10-01T08:15:57.431Z,muse-spark-1.3-contributor,32407,26865,80,0,0.000624,0.011297
2026-10-01T08:15:57.650Z,muse-spark-1.3-contributor,88880,84977,557,208,0.000672,0.019993
2026-10-01T08:15:57.726Z,muse-spark-1.3-contributor,20818,5361,696,105,0.001696,0.023083
2026-10-01T08:16:01.031Z,muse-spark-1.3-contributor,34389,32369,79,0,0.000283,0.007716
2026-10-01T08:16:01.988Z,muse-spark-1.3-contributor,39145,20721,186,82,0.001921,0.026929
2026-10-01T08:16:03.578Z,muse-spark-1.3-contributor,36215,34289,78,0,0.000277,0.007882
2026-10-01T08:16:04.591Z,muse-spark-1.3-contributor,45190,39025,92,7,0.000713,0.013951
2026-10-01T08:16:06.008Z,muse-spark-1.3-contributor,42159,36209,78,0,0.000683,0.013200
2026-10-01T08:16:06.078Z,muse-spark-1.3-contributor,89570,88817,608,89,0.000375,0.016848
2026-10-01T08:16:09.233Z,muse-spark-1.3-contributor,44273,42097,79,0,0.000318,0.009370
2026-10-01T08:16:11.761Z,muse-spark-1.3-contributor,45828,44273,79,0,0.000260,0.008920
2026-10-01T08:16:18.517Z,muse-spark-1.3-contributor,49452,45809,735,141,0.000603,0.014549
2026-10-01T08:16:29.832Z,muse-spark-1.3-contributor,90180,89457,671,282,0.000385,0.017174
2026-10-01T08:16:33.514Z,muse-spark-1.3-contributor,90698,89585,86,24,0.000308,0.015194
2026-10-01T08:16:50.276Z,muse-spark-1.3-contributor,90786,90609,125,0,0.000224,0.014344
2026-10-01T08:17:59.007Z,muse-spark-1.3-contributor,337170,337137,7283,6501,0.002134,0.081565
2026-10-01T08:19:10.360Z,muse-spark-1.3-contributor,45720,45169,15596,14819,0.003265,0.073747
2026-10-01T08:20:39.083Z,muse-spark-1.3-contributor,92380,90609,2409,791,0.000840,0.026043
2026-10-01T08:20:42.224Z,muse-spark-1.3-contributor,20800,8561,156,53,0.001272,0.017246
2026-10-01T08:20:44.373Z,muse-spark-1.3-contributor,95759,92273,99,43,0.000553,0.018619
2026-10-01T08:20:44.888Z,muse-spark-1.3-contributor,20798,0,139,30,0.002108,0.026588
2026-10-01T08:20:45.102Z,muse-spark-1.3-contributor,27705,20721,80,0,0.000756,0.012178
2026-10-01T08:20:45.732Z,muse-spark-1.3-contributor,20818,8433,521,8,0.001360,0.018960
2026-10-01T08:20:45.863Z,muse-spark-1.3-contributor,20808,8433,486,56,0.001352,0.018799
2026-10-01T08:20:45.929Z,muse-spark-1.3-contributor,20814,20593,452,15,0.000154,0.005286
2026-10-01T08:20:47.680Z,muse-spark-1.3-contributor,26793,20593,78,0,0.000677,0.011170
2026-10-01T08:20:48.766Z,muse-spark-1.3-contributor,33799,27633,81,0,0.000688,0.012197
2026-10-01T08:20:50.543Z,muse-spark-1.3-contributor,33455,26737,79,0,0.000741,0.012744
2026-10-01T08:20:51.866Z,muse-spark-1.3-contributor,99412,95729,421,305,0.000644,0.020752
2026-10-01T08:20:53.021Z,muse-spark-1.3-contributor,39900,33393,79,0,0.000733,0.013478
2026-10-01T08:20:53.442Z,muse-spark-1.3-contributor,38750,33777,81,0,0.000581,0.011627
2026-10-01T08:20:56.175Z,muse-spark-1.3-contributor,99871,99313,141,15,0.000283,0.016194
2026-10-01T08:20:56.326Z,muse-spark-1.3-contributor,42894,39793,152,48,0.000420,0.010491
2026-10-01T08:21:12.139Z,muse-spark-1.3-contributor,100014,99825,370,123,0.000293,0.016782
2026-10-01T08:21:26.135Z,muse-spark-1.3-contributor,102759,99825,520,389,0.000597,0.020851
2026-10-01T08:21:35.910Z,muse-spark-1.3-contributor,104910,102641,535,413,0.000539,0.020506
2026-10-01T08:21:39.283Z,muse-spark-1.3-contributor,105466,104817,105,19,0.000296,0.016980
2026-10-01T08:21:46.968Z,muse-spark-1.3-contributor,105650,105457,634,149,0.000357,0.018754
2026-10-01T08:21:56.644Z,muse-spark-1.3-contributor,26728,20721,5011,4539,0.001644,0.031914
2026-10-01T08:21:58.098Z,muse-spark-1.3-contributor,106417,105585,204,61,0.000335,0.017745
2026-10-01T08:22:25.884Z,muse-spark-1.3-contributor,50467,5361,15246,14165,0.007571,0.121982
2026-10-01T08:22:29.884Z,muse-spark-1.3-contributor,107104,0,126,40,0.010736,0.134415
2026-10-01T08:22:34.891Z,muse-spark-1.3-contributor,108713,106993,276,190,0.000441,0.019372
2026-10-01T08:22:45.478Z,muse-spark-1.3-contributor,109775,108657,1146,509,0.000558,0.022567
2026-10-01T08:22:50.476Z,muse-spark-1.3-contributor,20828,0,639,39,0.002211,0.028751
2026-10-01T08:22:50.536Z,muse-spark-1.3-contributor,20888,0,702,25,0.002229,0.029094
2026-10-01T08:22:52.093Z,muse-spark-1.3-contributor,111219,109681,452,62,0.000464,0.020296
2026-10-01T08:22:56.268Z,muse-spark-1.3-contributor,43863,20721,694,94,0.002494,0.034985
2026-10-01T08:22:56.360Z,muse-spark-1.3-contributor,47310,20849,696,17,0.002827,0.039162
2026-10-01T08:22:59.162Z,muse-spark-1.3-contributor,111804,111217,432,147,0.000368,0.019252
2026-10-01T08:23:02.148Z,muse-spark-1.3-contributor,72742,47217,476,44,0.002742,0.041012
2026-10-01T08:23:05.362Z,muse-spark-1.3-contributor,83491,72689,111,8,0.001248,0.024878
2026-10-01T08:23:06.689Z,muse-spark-1.3-contributor,43089,42865,10516,9338,0.002211,0.051403
2026-10-01T08:23:09.361Z,muse-spark-1.3-contributor,31148,20721,11528,11025,0.003390,0.065136
2026-10-01T08:23:18.328Z,muse-spark-1.3-contributor,113112,111729,174,90,0.000397,0.019228
2026-10-01T08:23:24.152Z,muse-spark-1.3-contributor,114964,113009,296,188,0.000481,0.020653
2026-10-01T08:23:26.850Z,muse-spark-1.3-contributor,115281,114929,95,0,0.000284,0.018083
2026-10-01T08:23:28.208Z,muse-spark-1.3-contributor,38876,38641,12382,11435,0.002577,0.058713
2026-10-01T08:23:31.206Z,muse-spark-1.3-contributor,115397,115185,165,80,0.000285,0.018244
2026-10-01T08:23:33.579Z,muse-spark-1.3-contributor,36916,20721,13774,12804,0.004416,0.081891
2026-10-01T08:23:49.678Z,muse-spark-1.3-contributor,116189,115313,126,40,0.000343,0.018927
2026-10-01T08:23:52.058Z,muse-spark-1.3-contributor,117689,116081,127,41,0.000418,0.019962
2026-10-01T08:23:59.213Z,muse-spark-1.3-contributor,120354,117617,430,329,0.000595,0.022891
2026-10-01T08:24:04.326Z,muse-spark-1.3-contributor,120805,120305,200,94,0.000331,0.019521
2026-10-01T08:24:13.712Z,muse-spark-1.3-contributor,123865,120689,685,295,0.000696,0.024985
2026-10-01T08:24:18.250Z,muse-spark-1.3-contributor,20928,8433,448,13,0.001356,0.018788
2026-10-01T08:24:22.933Z,muse-spark-1.3-contributor,34139,20849,459,27,0.001462,0.021691
2026-10-01T08:24:24.341Z,muse-spark-1.3-contributor,124702,123761,562,285,0.000454,0.022129
2026-10-01T08:24:28.617Z,muse-spark-1.3-contributor,47095,34033,408,0,0.001456,0.023166
2026-10-01T08:24:33.426Z,muse-spark-1.3-contributor,58125,47089,416,0,0.001281,0.022626
2026-10-01T08:24:37.657Z,muse-spark-1.3-contributor,70756,58097,409,0,0.001464,0.026277
2026-10-01T08:24:41.708Z,muse-spark-1.3-contributor,125266,124657,79,0,0.000326,0.019796
2026-10-01T08:24:46.548Z,muse-spark-1.3-contributor,126074,124913,284,218,0.000423,0.021395
2026-10-01T08:24:49.765Z,muse-spark-1.3-contributor,88522,83441,9845,9703,0.002644,0.060709
2026-10-01T08:26:04.838Z,muse-spark-1.3-contributor,26775,13809,540,450,0.001432,0.020574
2026-10-01T08:26:09.588Z,muse-spark-1.3-contributor,29422,26737,132,33,0.000348,0.007928
2026-10-01T08:26:19.092Z,muse-spark-1.3-contributor,32492,29297,102,4,0.000398,0.008822
2026-10-01T08:26:29.844Z,muse-spark-1.3-contributor,36494,32369,102,4,0.000498,0.010445
2026-10-01T08:26:39.365Z,muse-spark-1.3-contributor,40754,36465,100,2,0.000522,0.011256
2026-10-01T08:26:44.872Z,muse-spark-1.3-contributor,43086,40689,103,3,0.000342,0.009537
2026-10-01T08:26:51.615Z,muse-spark-1.3-contributor,46196,42993,100,2,0.000426,0.010878
2026-10-01T08:26:56.482Z,muse-spark-1.3-contributor,48858,46193,103,2,0.000379,0.010698
2026-10-01T08:27:07.376Z,muse-spark-1.3-contributor,53175,48753,116,3,0.000563,0.013333
2026-10-01T08:27:15.768Z,muse-spark-1.3-contributor,55446,53105,91,2,0.000359,0.011279
2026-10-01T08:27:21.280Z,muse-spark-1.3-contributor,55718,55409,117,8,0.000165,0.009195
2026-10-01T08:27:28.908Z,muse-spark-1.3-contributor,58007,13809,91,3,0.004466,0.057706
2026-10-01T08:27:35.639Z,muse-spark-1.3-contributor,61106,57969,93,5,0.000448,0.013012
2026-10-01T08:27:47.203Z,muse-spark-1.3-contributor,64930,61041,89,3,0.000529,0.014396
2026-10-01T08:27:59.612Z,muse-spark-1.3-contributor,68380,64881,90,2,0.000498,0.014488
2026-10-01T08:28:06.316Z,muse-spark-1.3-contributor,68640,68337,115,5,0.000190,0.011118
2026-10-01T08:28:15.667Z,muse-spark-1.3-contributor,69720,68593,88,2,0.000267,0.012072
2026-10-01T08:28:28.967Z,muse-spark-1.3-contributor,73972,69617,91,3,0.000593,0.016273
2026-10-01T08:28:40.799Z,muse-spark-1.3-contributor,77794,73969,117,3,0.000554,0.016374
2026-10-01T08:28:57.059Z,muse-spark-1.3-contributor,79162,77681,94,4,0.000322,0.013903
2026-10-01T08:30:00.956Z,muse-spark-1.3-contributor,80144,79089,10349,4120,0.002333,0.057165
2026-10-01T08:30:57.468Z,muse-spark-1.3-contributor,26775,5361,242,149,0.002201,0.028600
2026-10-01T08:31:14.579Z,muse-spark-1.3-contributor,26775,26737,199,106,0.000097,0.004904
2026-10-01T08:31:20.469Z,muse-spark-1.3-contributor,29081,26737,217,116,0.000331,0.007863
2026-10-01T08:31:23.476Z,muse-spark-1.3-contributor,27089,5361,1996,143,0.002583,0.036447
2026-10-01T08:31:28.671Z,muse-spark-1.3-contributor,32236,29041,113,12,0.000400,0.008830
2026-10-01T08:31:38.382Z,muse-spark-1.3-contributor,36249,14705,105,4,0.002205,0.029582
2026-10-01T08:31:46.403Z,muse-spark-1.3-contributor,40512,36209,103,2,0.000523,0.011248
2026-10-01T08:31:51.540Z,muse-spark-1.3-contributor,42847,40433,105,3,0.000343,0.009529
2026-10-01T08:31:56.952Z,muse-spark-1.3-contributor,45959,42737,105,3,0.000429,0.010884
2026-10-01T08:32:07.011Z,muse-spark-1.3-contributor,48626,45937,104,2,0.000382,0.010694
2026-10-01T08:32:22.472Z,muse-spark-1.3-contributor,52944,48625,120,4,0.000553,0.013203
2026-10-01T08:32:32.165Z,muse-spark-1.3-contributor,55219,52849,94,3,0.000361,0.011289
2026-10-01T08:32:38.353Z,muse-spark-1.3-contributor,55494,55153,115,3,0.000167,0.009188
2026-10-01T08:32:46.813Z,muse-spark-1.3-contributor,57781,55409,94,3,0.000367,0.011676
2026-10-01T08:32:53.254Z,muse-spark-1.3-contributor,60883,57713,93,2,0.000451,0.013015
2026-10-01T08:33:06.009Z,muse-spark-1.3-contributor,64707,60785,94,2,0.000533,0.014420
2026-10-01T08:33:20.510Z,muse-spark-1.3-contributor,68162,0,94,3,0.006835,0.085602
2026-10-01T08:33:22.816Z,muse-spark-1.3-contributor,79439,26993,9543,1668,0.007207,0.110164
2026-10-01T08:33:27.065Z,muse-spark-1.3-contributor,68426,68081,116,2,0.000194,0.011136
2026-10-01T08:33:34.097Z,muse-spark-1.3-contributor,69507,68337,93,2,0.000272,0.012108
2026-10-01T08:34:41.353Z,muse-spark-1.3-contributor,26775,14705,350,258,0.001306,0.018781
2026-10-01T08:34:51.329Z,muse-spark-1.3-contributor,29232,26737,217,118,0.000346,0.008052
2026-10-01T08:34:59.560Z,muse-spark-1.3-contributor,32387,29169,104,8,0.000401,0.008840
2026-10-01T08:35:10.075Z,muse-spark-1.3-contributor,36391,32369,100,4,0.000487,0.010308
2026-10-01T08:35:18.665Z,muse-spark-1.3-contributor,40649,36337,106,10,0.000525,0.011291
2026-10-01T08:35:22.896Z,muse-spark-1.3-contributor,42987,40561,100,3,0.000344,0.009542
2026-10-01T08:35:27.700Z,muse-spark-1.3-contributor,46094,42865,99,2,0.000428,0.010887
2026-10-01T08:35:32.526Z,muse-spark-1.3-contributor,48755,46065,100,3,0.000381,0.010697
2026-10-01T08:35:42.786Z,muse-spark-1.3-contributor,53069,48753,113,2,0.000552,0.013188
2026-10-01T08:35:48.734Z,muse-spark-1.3-contributor,55337,52977,88,2,0.000360,0.011271
2026-10-01T08:35:54.997Z,muse-spark-1.3-contributor,55606,55281,113,6,0.000166,0.009179
2026-10-01T08:36:02.170Z,muse-spark-1.3-contributor,57891,55537,90,4,0.000364,0.011656
2026-10-01T08:36:07.954Z,muse-spark-1.3-contributor,60989,57841,89,3,0.000448,0.012989
2026-10-01T08:36:20.437Z,muse-spark-1.3-contributor,64809,60913,92,5,0.000530,0.014398
2026-10-01T08:36:38.552Z,muse-spark-1.3-contributor,68262,64753,89,3,0.000498,0.014477
2026-10-01T08:36:47.278Z,muse-spark-1.3-contributor,68521,68209,111,2,0.000190,0.011093
2026-10-01T08:37:01.046Z,muse-spark-1.3-contributor,69597,68465,89,3,0.000268,0.012063
2026-10-01T08:37:16.146Z,muse-spark-1.3-contributor,73850,69489,89,2,0.000593,0.016253
2026-10-01T08:37:29.041Z,muse-spark-1.3-contributor,77670,73841,118,5,0.000554,0.016364
2026-10-01T08:37:39.895Z,muse-spark-1.3-contributor,79039,77553,94,4,0.000323,0.013890
2026-10-01T08:38:52.223Z,muse-spark-1.3-contributor,80021,78961,10371,1968,0.002338,0.057246
2026-10-01T08:39:22.861Z,muse-spark-1.3-contributor,27089,0,2068,218,0.003122,0.042650
2026-10-01T08:41:46.476Z,muse-spark-1.3-contributor,79511,0,13358,4919,0.010623,0.156160
2026-10-01T08:42:18.882Z,muse-spark-1.3-contributor,26717,14705,1729,249,0.001576,0.024569
2026-10-01T08:43:48.018Z,muse-spark-1.3-contributor,77862,26609,7217,1948,0.006622,0.098730
2026-10-01T08:44:17.156Z,muse-spark-1.3-contributor,26691,14705,1870,413,0.001602,0.025136
2026-10-01T08:45:26.049Z,muse-spark-1.3-contributor,61460,26609,9195,3935,0.005377,0.086634
2026-10-01T08:45:54.744Z,muse-spark-1.3-contributor,26944,13809,1772,69,0.001696,0.026021
2026-10-01T08:48:03.782Z,muse-spark-1.3-contributor,82276,0,9409,3076,0.010109,0.142833
2026-10-01T08:48:29.876Z,muse-spark-1.3-contributor,26703,26097,300,207,0.000173,0.005947
2026-10-01T08:48:40.336Z,muse-spark-1.3-contributor,30688,26609,343,245,0.000530,0.010548
2026-10-01T08:48:45.128Z,muse-spark-1.3-contributor,31633,30577,109,14,0.000189,0.006370
2026-10-01T08:49:00.526Z,muse-spark-1.3-contributor,32550,31601,100,5,0.000178,0.006351
2026-10-01T08:49:04.499Z,muse-spark-1.3-contributor,34621,32497,96,2,0.000297,0.007938
2026-10-01T08:49:09.035Z,muse-spark-1.3-contributor,36858,34545,96,2,0.000320,0.008481
2026-10-01T08:49:12.892Z,muse-spark-1.3-contributor,38319,36849,103,5,0.000241,0.007803
2026-10-01T08:49:19.069Z,muse-spark-1.3-contributor,40459,38257,96,2,0.000316,0.008899
2026-10-01T08:49:24.060Z,muse-spark-1.3-contributor,41849,40433,100,5,0.000242,0.008260
2026-10-01T08:49:29.228Z,muse-spark-1.3-contributor,43119,41841,93,3,0.000230,0.008269
2026-10-01T08:49:35.283Z,muse-spark-1.3-contributor,44106,42993,95,2,0.000216,0.008244
2026-10-01T08:49:45.144Z,muse-spark-1.3-contributor,47719,13809,96,3,0.003438,0.044867
2026-10-01T08:49:54.635Z,muse-spark-1.3-contributor,50889,47601,96,5,0.000443,0.011658
2026-10-01T08:50:02.732Z,muse-spark-1.3-contributor,54349,50801,96,2,0.000476,0.012463
2026-10-01T08:50:07.733Z,muse-spark-1.3-contributor,55861,54257,93,3,0.000288,0.010539
2026-10-01T08:50:18.258Z,muse-spark-1.3-contributor,59393,55793,124,32,0.000496,0.013396
2026-10-01T08:50:25.917Z,muse-spark-1.3-contributor,59893,59377,91,2,0.000189,0.009938
2026-10-01T08:50:33.239Z,muse-spark-1.3-contributor,60124,59889,96,5,0.000162,0.009685
2026-10-01T08:50:39.144Z,muse-spark-1.3-contributor,61533,60017,94,5,0.000290,0.011297
2026-10-01T08:50:46.140Z,muse-spark-1.3-contributor,63023,61425,97,3,0.000302,0.011624
2026-10-01T08:52:08.212Z,muse-spark-1.3-contributor,66560,62961,11081,4044,0.002702,0.061037
2026-10-01T08:52:40.214Z,muse-spark-1.3-contributor,26643,13809,1539,134,0.001619,0.024655
2026-10-01T08:53:59.764Z,muse-spark-1.3-contributor,57158,26609,5947,2443,0.004298,0.067452
2026-10-01T08:54:32.170Z,muse-spark-1.3-contributor,26654,8433,1665,249,0.002172,0.031117
2026-10-01T08:56:04.864Z,muse-spark-1.3-contributor,70348,26609,4581,4479,0.005343,0.078134
2026-10-01T08:57:05.092Z,muse-spark-1.3-contributor,79134,70257,6257,97,0.002280,0.048227
2026-10-01T08:57:53.760Z,muse-spark-1.3-contributor,26706,5361,1716,246,0.002488,0.034778
2026-10-01T08:59:30.490Z,muse-spark-1.3-contributor,69820,26609,5514,1917,0.005477,0.081440
2026-10-01T08:59:59.874Z,muse-spark-1.3-contributor,26816,0,984,179,0.002878,0.037702
2026-10-01T09:00:56.648Z,muse-spark-1.3-contributor,60203,26737,1050,248,0.003610,0.050306
2026-10-01T09:01:47.106Z,muse-spark-1.3-contributor,92178,60145,202,101,0.003364,0.049922
2026-10-01T09:03:37.505Z,muse-spark-1.3-contributor,96550,92145,10036,2784,0.002632,0.061981
2026-10-01T09:04:21.882Z,muse-spark-1.3-contributor,26862,8433,2298,675,0.002319,0.034068
2026-10-01T09:05:33.983Z,muse-spark-1.3-contributor,78623,26737,448,345,0.005332,0.070772
2026-10-01T09:07:05.332Z,muse-spark-1.3-contributor,79165,78577,7933,1994,0.001803,0.046237
2026-10-01T09:07:40.112Z,muse-spark-1.3-contributor,87266,79089,192,88,0.001014,0.022901
2026-10-01T09:08:00.489Z,muse-spark-1.3-contributor,87552,87153,745,641,0.000363,0.016738
2026-10-01T09:08:47.960Z,muse-spark-1.3-contributor,88391,87537,4515,201,0.001163,0.033387
2026-10-01T09:09:13.808Z,muse-spark-1.3-contributor,92908,88305,78,0,0.000653,0.019331
2026-10-01T09:09:43.759Z,muse-spark-1.3-contributor,93082,88561,2720,145,0.001173,0.030495
2026-10-01T09:10:13.175Z,muse-spark-1.3-contributor,95804,93041,75,0,0.000477,0.017729
2026-10-01T09:10:38.368Z,muse-spark-1.3-contributor,95975,93169,2189,65,0.000905,0.026786
2026-10-01T09:11:08.984Z,muse-spark-1.3-contributor,98166,95857,78,0,0.000438,0.017596
2026-10-01T09:11:35.431Z,muse-spark-1.3-contributor,98340,95985,2214,89,0.000870,0.026751
2026-10-01T09:12:02.978Z,muse-spark-1.3-contributor,100556,5361,75,0,0.009545,0.120117
2026-10-01T09:12:24.419Z,muse-spark-1.3-contributor,100727,98417,2155,30,0.000859,0.026809
2026-10-01T09:13:00.379Z,muse-spark-1.3-contributor,102884,98289,433,272,0.000743,0.022327
2026-10-01T09:13:34.659Z,muse-spark-1.3-contributor,26968,13809,1862,129,0.001716,0.026434
2026-10-01T09:17:22.369Z,muse-spark-1.3-contributor,86929,8433,10897,4999,0.010046,0.145697
2026-10-01T09:17:54.408Z,muse-spark-1.3-contributor,98026,86897,329,222,0.001352,0.028344
2026-10-01T09:18:48.129Z,muse-spark-1.3-contributor,98449,97905,5396,890,0.001329,0.038299
2026-10-01T09:19:31.510Z,muse-spark-1.3-contributor,103847,98417,82,0,0.000756,0.021899
2026-10-01T09:20:11.841Z,muse-spark-1.3-contributor,104025,99313,4574,136,0.001585,0.040226
2026-10-01T09:20:49.308Z,muse-spark-1.3-contributor,108601,103921,82,0,0.000692,0.021787
2026-10-01T09:21:29.428Z,muse-spark-1.3-contributor,108779,104049,4495,57,0.001580,0.040624
2026-10-01T09:22:17.777Z,muse-spark-1.3-contributor,26981,5361,1959,219,0.002565,0.036155
2026-10-01T09:27:53.313Z,muse-spark-1.3-contributor,47254,14705,414,287,0.003367,0.044651
2026-10-01T09:29:11.342Z,muse-spark-1.3-contributor,47762,47217,5407,2029,0.001230,0.030744
2026-10-01T09:29:41.182Z,muse-spark-1.3-contributor,26189,0,167,56,0.002652,0.033446
2026-10-01T09:29:58.733Z,muse-spark-1.3-contributor,35145,26097,167,12,0.000990,0.015934
2026-10-01T09:30:08.337Z,muse-spark-1.3-contributor,47552,35057,353,298,0.001390,0.022378
2026-10-01T09:30:31.325Z,muse-spark-1.3-contributor,55853,47473,1834,230,0.001300,0.025390
2026-10-01T09:30:45.860Z,muse-spark-1.3-contributor,26189,14705,177,63,0.001213,0.017313
2026-10-01T09:30:56.339Z,muse-spark-1.3-contributor,37721,26097,129,11,0.001240,0.018993
2026-10-01T09:31:08.981Z,muse-spark-1.3-contributor,51845,37617,437,382,0.001585,0.025285
2026-10-01T09:31:38.593Z,muse-spark-1.3-contributor,60230,51825,1256,407,0.001195,0.023618
2026-10-01T09:31:51.928Z,muse-spark-1.3-contributor,26189,8433,181,65,0.001829,0.024229
2026-10-01T09:32:07.458Z,muse-spark-1.3-contributor,35898,26097,415,285,0.001115,0.017930
2026-10-01T09:32:14.297Z,muse-spark-1.3-contributor,50276,35825,107,52,0.001538,0.023892
2026-10-01T09:32:41.258Z,muse-spark-1.3-contributor,58331,50161,2288,267,0.001375,0.027461
2026-10-01T09:32:57.728Z,muse-spark-1.3-contributor,26189,26097,279,155,0.000117,0.005215
2026-10-01T09:33:15.788Z,muse-spark-1.3-contributor,38646,26097,422,364,0.001391,0.021394
2026-10-01T09:34:00.993Z,muse-spark-1.3-contributor,47016,26097,1902,368,0.002524,0.038147
2026-10-01T09:34:15.722Z,muse-spark-1.3-contributor,26189,5361,247,99,0.002143,0.027889
2026-10-01T09:34:28.160Z,muse-spark-1.3-contributor,38643,5361,300,245,0.003399,0.043682
2026-10-01T09:35:11.672Z,muse-spark-1.3-contributor,46891,26097,2923,643,0.002716,0.042330
2026-10-01T09:35:29.992Z,muse-spark-1.3-contributor,26189,14705,424,345,0.001263,0.018363
2026-10-01T09:35:46.280Z,muse-spark-1.3-contributor,34561,26097,1647,279,0.001228,0.021494
2026-10-01T09:35:57.622Z,muse-spark-1.3-contributor,26189,26097,167,28,0.000095,0.004739
2026-10-01T09:36:07.883Z,muse-spark-1.3-contributor,38554,26097,506,419,0.001399,0.021636
2026-10-01T09:36:29.820Z,muse-spark-1.3-contributor,47008,38513,2396,456,0.001406,0.026579
2026-10-01T09:36:41.462Z,muse-spark-1.3-contributor,26189,26097,177,32,0.000097,0.004782
2026-10-01T09:36:51.167Z,muse-spark-1.3-contributor,38572,26097,358,303,0.001371,0.021030
2026-10-01T09:37:06.869Z,muse-spark-1.3-contributor,46878,38513,1511,299,0.001216,0.022655
2026-10-01T09:37:19.785Z,muse-spark-1.3-contributor,26189,0,213,80,0.002661,0.033641
2026-10-01T09:37:35.008Z,muse-spark-1.3-contributor,35203,26097,161,9,0.000995,0.015981
2026-10-01T09:37:47.835Z,muse-spark-1.3-contributor,37914,35185,406,327,0.000424,0.010415
2026-10-01T09:37:52.550Z,muse-spark-1.3-contributor,46268,37873,145,18,0.000944,0.016791
2026-10-01T09:39:03.668Z,muse-spark-1.3-contributor,51027,46193,3588,1040,0.001293,0.028220
2026-10-01T09:39:15.538Z,muse-spark-1.3-contributor,26189,8561,174,54,0.001815,0.024059
2026-10-01T09:39:20.077Z,muse-spark-1.3-contributor,26765,26097,117,14,0.000142,0.005247
2026-10-01T09:39:29.903Z,muse-spark-1.3-contributor,39713,26737,412,333,0.001433,0.021982
2026-10-01T09:39:48.128Z,muse-spark-1.3-contributor,48073,39665,1509,154,0.001222,0.022873
2026-10-01T09:40:01.259Z,muse-spark-1.3-contributor,26189,13809,218,67,0.001309,0.018473
2026-10-01T09:40:08.922Z,muse-spark-1.3-contributor,38575,26097,237,182,0.001347,0.020519
2026-10-01T09:40:41.757Z,muse-spark-1.3-contributor,46760,38513,3146,645,0.001531,0.029456
2026-10-01T09:40:55.415Z,muse-spark-1.3-contributor,26189,26097,205,78,0.000102,0.004901
2026-10-01T09:41:12.232Z,muse-spark-1.3-contributor,35373,26097,109,18,0.001002,0.015973
2026-10-01T09:41:50.487Z,muse-spark-1.3-contributor,37234,35313,357,302,0.000334,0.009215
2026-10-01T09:42:33.947Z,muse-spark-1.3-contributor,45539,37233,2344,611,0.001374,0.025929
2026-10-01T09:42:45.938Z,muse-spark-1.3-contributor,26189,26097,145,28,0.000090,0.004646
2026-10-01T09:42:59.632Z,muse-spark-1.3-contributor,35116,26097,153,10,0.000985,0.015839
2026-10-01T09:43:09.997Z,muse-spark-1.3-contributor,48140,35057,355,300,0.001449,0.023121
2026-10-01T09:43:31.493Z,muse-spark-1.3-contributor,56443,48113,1970,138,0.001323,0.026002
2026-10-01T09:43:43.965Z,muse-spark-1.3-contributor,26189,26097,236,92,0.000109,0.005033
2026-10-01T09:43:54.395Z,muse-spark-1.3-contributor,39252,26097,626,540,0.001493,0.023019
2026-10-01T09:44:29.056Z,muse-spark-1.3-contributor,47826,39153,2560,1297,0.001458,0.027594
2026-10-01T09:44:41.183Z,muse-spark-1.3-contributor,26189,26097,198,80,0.000101,0.004871
2026-10-01T09:44:48.248Z,muse-spark-1.3-contributor,35170,26097,173,12,0.000994,0.015991
2026-10-01T09:44:55.907Z,muse-spark-1.3-contributor,42393,35057,372,317,0.000878,0.016010
2026-10-01T09:45:09.048Z,muse-spark-1.3-contributor,50713,42353,449,271,0.001011,0.018711
2026-10-01T09:45:38.710Z,muse-spark-1.3-contributor,55778,50673,2680,789,0.001148,0.025372
2026-10-01T09:45:49.661Z,muse-spark-1.3-contributor,26189,26097,187,65,0.000099,0.004824
2026-10-01T09:45:53.648Z,muse-spark-1.3-contributor,26778,26097,100,5,0.000140,0.005191
2026-10-01T09:46:00.914Z,muse-spark-1.3-contributor,39696,26737,404,349,0.001430,0.021926
2026-10-01T09:46:06.608Z,muse-spark-1.3-contributor,48048,39665,353,180,0.000988,0.017929
2026-10-01T09:46:22.098Z,muse-spark-1.3-contributor,49187,26097,1535,158,0.002668,0.039301
2026-10-01T09:46:34.023Z,muse-spark-1.3-contributor,26189,26097,191,56,0.000100,0.004841
2026-10-01T09:46:39.843Z,muse-spark-1.3-contributor,37201,26097,197,142,0.001202,0.018632
2026-10-01T09:46:57.887Z,muse-spark-1.3-contributor,45346,37105,1788,378,0.001256,0.023466
2026-10-01T09:47:10.383Z,muse-spark-1.3-contributor,26189,26097,223,97,0.000106,0.004977
2026-10-01T09:47:23.224Z,muse-spark-1.3-contributor,38589,26097,648,593,0.001431,0.022284
2026-10-01T09:47:48.387Z,muse-spark-1.3-contributor,47185,38513,2170,830,0.001378,0.025839
2026-10-01T09:48:13.179Z,muse-spark-1.3-contributor,26189,26097,943,855,0.000250,0.008037
2026-10-01T09:48:30.785Z,muse-spark-1.3-contributor,35080,26097,1551,322,0.001261,0.021735
2026-10-01T09:48:41.113Z,muse-spark-1.3-contributor,26189,26097,165,60,0.000094,0.004731
2026-10-01T09:48:49.020Z,muse-spark-1.3-contributor,35121,26097,162,11,0.000987,0.015883
2026-10-01T09:48:59.184Z,muse-spark-1.3-contributor,48152,35057,589,414,0.001497,0.024131
2026-10-01T09:49:04.212Z,muse-spark-1.3-contributor,50080,48113,149,94,0.000323,0.010309
2026-10-01T09:49:40.174Z,muse-spark-1.3-contributor,58177,13809,3700,795,0.005204,0.073256
2026-10-01T09:49:50.951Z,muse-spark-1.3-contributor,26189,26097,178,25,0.000097,0.004786
2026-10-01T09:49:58.522Z,muse-spark-1.3-contributor,39200,26097,400,345,0.001442,0.021993
2026-10-01T09:50:30.781Z,muse-spark-1.3-contributor,47548,39153,3802,441,0.001678,0.032525
2026-10-01T09:50:40.762Z,muse-spark-1.3-contributor,26189,26097,200,74,0.000101,0.004880
2026-10-01T09:50:46.763Z,muse-spark-1.3-contributor,35183,26097,137,12,0.000988,0.015854
2026-10-01T09:50:54.411Z,muse-spark-1.3-contributor,41847,35057,551,467,0.000859,0.016088
2026-10-01T09:51:15.292Z,muse-spark-1.3-contributor,50346,41841,2177,304,0.001370,0.026160
2026-10-01T09:51:18.649Z,muse-spark-1.3-contributor,20243,8433,125,30,0.001223,0.016559
2026-10-01T09:51:26.263Z,muse-spark-1.3-contributor,26189,26097,230,104,0.000107,0.005007
2026-10-01T09:51:33.596Z,muse-spark-1.3-contributor,38602,26097,340,285,0.001371,0.020991
2026-10-01T09:51:50.984Z,muse-spark-1.3-contributor,46890,38513,1772,429,0.001269,0.023779
2026-10-01T09:52:01.680Z,muse-spark-1.3-contributor,26189,13809,208,54,0.001307,0.018430
2026-10-01T09:52:09.426Z,muse-spark-1.3-contributor,33882,26097,451,370,0.000921,0.015563
2026-10-01T09:52:33.038Z,muse-spark-1.3-contributor,42281,26097,2685,881,0.002208,0.035556
2026-10-01T09:52:45.245Z,muse-spark-1.3-contributor,26189,5361,176,57,0.002129,0.027587
2026-10-01T09:52:48.519Z,muse-spark-1.3-contributor,26720,26097,112,5,0.000137,0.005169
2026-10-01T09:52:52.904Z,muse-spark-1.3-contributor,33365,26609,133,16,0.000755,0.013002
2026-10-01T09:53:01.535Z,muse-spark-1.3-contributor,34592,33265,429,349,0.000285,0.008472
2026-10-01T09:53:22.955Z,muse-spark-1.3-contributor,42969,34545,2280,444,0.001367,0.025402
2026-10-01T09:53:35.091Z,muse-spark-1.3-contributor,26189,26097,161,50,0.000094,0.004714
2026-10-01T09:53:52.206Z,muse-spark-1.3-contributor,31478,26097,184,83,0.000627,0.011423
2026-10-01T09:54:01.407Z,muse-spark-1.3-contributor,32108,31473,479,424,0.000222,0.007550
2026-10-01T09:54:36.631Z,muse-spark-1.3-contributor,26189,26097,257,108,0.000113,0.005122
2026-10-01T09:54:39.071Z,muse-spark-1.3-contributor,26216,8433,150,7,0.001825,0.024131
2026-10-01T09:54:41.164Z,muse-spark-1.3-contributor,26189,26097,167,48,0.000095,0.004739
2026-10-01T09:54:47.318Z,muse-spark-1.3-contributor,38654,26097,411,356,0.001390,0.021358
2026-10-01T09:54:47.832Z,muse-spark-1.3-contributor,26216,0,423,293,0.002706,0.034568
2026-10-01T09:54:48.387Z,muse-spark-1.3-contributor,26189,8945,215,89,0.001785,0.023810
2026-10-01T09:54:52.014Z,muse-spark-1.3-contributor,35136,26097,171,10,0.000990,0.015940
2026-10-01T09:54:54.293Z,muse-spark-1.3-contributor,26216,8561,603,483,0.001903,0.025916
2026-10-01T09:54:55.403Z,muse-spark-1.3-contributor,26189,26097,182,46,0.000098,0.004803
2026-10-01T09:54:58.826Z,muse-spark-1.3-contributor,35372,26097,1130,800,0.001206,0.020311
2026-10-01T09:54:58.947Z,muse-spark-1.3-contributor,26216,26097,299,141,0.000124,0.005334
2026-10-01T09:54:59.303Z,muse-spark-1.3-contributor,47552,35057,365,310,0.001393,0.022429
2026-10-01T09:55:01.764Z,muse-spark-1.3-contributor,38589,26097,509,427,0.001403,0.021693
2026-10-01T09:55:05.202Z,muse-spark-1.3-contributor,55865,47473,264,85,0.000987,0.018733
2026-10-01T09:55:07.492Z,muse-spark-1.3-contributor,35629,26097,1313,1078,0.001268,0.021410
2026-10-01T09:55:11.299Z,muse-spark-1.3-contributor,35366,26097,136,45,0.001006,0.016079
2026-10-01T09:55:12.292Z,muse-spark-1.3-contributor,31012,26097,1304,1055,0.000804,0.015600
2026-10-01T09:55:15.369Z,muse-spark-1.3-contributor,47013,38641,2562,673,0.001427,0.027150
2026-10-01T09:55:17.948Z,muse-spark-1.3-contributor,34103,26225,1190,922,0.001078,0.018839
2026-10-01T09:55:20.967Z,muse-spark-1.3-contributor,37250,35313,415,360,0.000347,0.009482
2026-10-01T09:55:26.969Z,muse-spark-1.3-contributor,47046,38513,1813,546,0.001293,0.024148
2026-10-01T09:55:33.081Z,muse-spark-1.3-contributor,60757,55793,2555,388,0.001119,0.025433
2026-10-01T09:55:40.990Z,muse-spark-1.3-contributor,45613,37233,1792,92,0.001271,0.023676
2026-10-01T09:55:45.556Z,muse-spark-1.3-contributor,37286,34033,2224,358,0.000838,0.018623
2026-10-01T09:56:23.831Z,muse-spark-1.3-contributor,26189,26097,177,31,0.000097,0.004782
2026-10-01T09:56:26.421Z,muse-spark-1.3-contributor,26216,26097,118,5,0.000088,0.004565
2026-10-01T09:56:29.499Z,muse-spark-1.3-contributor,26189,26097,202,83,0.000102,0.004888
2026-10-01T09:56:32.706Z,muse-spark-1.3-contributor,26793,26097,115,12,0.000145,0.005273
2026-10-01T09:56:32.845Z,muse-spark-1.3-contributor,26216,26097,139,6,0.000092,0.004654
2026-10-01T09:56:32.971Z,muse-spark-1.3-contributor,38571,26097,635,580,0.001427,0.022206
2026-10-01T09:56:36.267Z,muse-spark-1.3-contributor,26189,26097,220,68,0.000105,0.004965
2026-10-01T09:56:39.822Z,muse-spark-1.3-contributor,30464,26097,761,629,0.000641,0.012608
2026-10-01T09:56:40.699Z,muse-spark-1.3-contributor,26216,13809,233,100,0.001315,0.018570
2026-10-01T09:56:43.882Z,muse-spark-1.3-contributor,31682,30449,220,21,0.000228,0.007044
2026-10-01T09:56:44.738Z,muse-spark-1.3-contributor,39736,26737,675,620,0.001488,0.023128
2026-10-01T09:56:45.808Z,muse-spark-1.3-contributor,26216,26097,193,37,0.000103,0.004884
2026-10-01T09:56:48.604Z,muse-spark-1.3-contributor,31533,26097,885,673,0.000773,0.014471
2026-10-01T09:56:48.717Z,muse-spark-1.3-contributor,26189,26097,856,771,0.000233,0.007668
2026-10-01T09:56:51.475Z,muse-spark-1.3-contributor,38616,26097,379,324,0.001380,0.021174
2026-10-01T09:56:53.883Z,muse-spark-1.3-contributor,47154,38513,2268,959,0.001395,0.026217
2026-10-01T09:56:56.196Z,muse-spark-1.3-contributor,48359,39665,740,569,0.001097,0.019962
2026-10-01T09:56:57.297Z,muse-spark-1.3-contributor,37309,31601,710,293,0.000776,0.014893
2026-10-01T09:56:58.595Z,muse-spark-1.3-contributor,31255,26097,951,788,0.000758,0.014404
2026-10-01T09:57:01.941Z,muse-spark-1.3-contributor,34993,26097,1189,152,0.001180,0.020088
2026-10-01T09:57:05.240Z,muse-spark-1.3-contributor,20159,8433,146,16,0.001219,0.016543
2026-10-01T09:57:09.061Z,muse-spark-1.3-contributor,34180,31217,445,185,0.000448,0.010278
2026-10-01T09:57:11.250Z,muse-spark-1.3-contributor,46943,26097,1890,211,0.002515,0.038005
2026-10-01T09:57:16.909Z,muse-spark-1.3-contributor,33993,26097,2105,1708,0.001263,0.022731
2026-10-01T09:57:24.650Z,muse-spark-1.3-contributor,53714,48241,2656,910,0.001175,0.025365
2026-10-01T09:57:40.349Z,muse-spark-1.3-contributor,26189,26097,195,48,0.000100,0.004858
2026-10-01T09:57:46.941Z,muse-spark-1.3-contributor,26216,26097,257,135,0.000115,0.005156
2026-10-01T09:57:47.350Z,muse-spark-1.3-contributor,26189,26097,162,44,0.000094,0.004718
2026-10-01T09:57:50.738Z,muse-spark-1.3-contributor,26618,26097,116,13,0.000127,0.005059
2026-10-01T09:57:51.496Z,muse-spark-1.3-contributor,38577,26097,725,670,0.001445,0.022596
2026-10-01T09:57:52.464Z,muse-spark-1.3-contributor,26189,26097,191,79,0.000100,0.004841
2026-10-01T09:57:52.854Z,muse-spark-1.3-contributor,26216,26097,285,127,0.000121,0.005275
2026-10-01T09:57:56.861Z,muse-spark-1.3-contributor,26216,26097,124,11,0.000089,0.004590
2026-10-01T09:57:59.877Z,muse-spark-1.3-contributor,39559,26609,418,363,0.001432,0.021955
2026-10-01T09:58:00.983Z,muse-spark-1.3-contributor,26189,26097,234,117,0.000108,0.005024
2026-10-01T09:58:05.320Z,muse-spark-1.3-contributor,26216,8433,398,269,0.001875,0.025185
2026-10-01T09:58:06.261Z,muse-spark-1.3-contributor,35172,26097,139,9,0.000987,0.015849
2026-10-01T09:58:06.827Z,muse-spark-1.3-contributor,30539,26097,1130,842,0.000722,0.014270
2026-10-01T09:58:11.416Z,muse-spark-1.3-contributor,30474,26097,637,354,0.000617,0.012093
2026-10-01T09:58:12.592Z,muse-spark-1.3-contributor,47250,38513,2103,542,0.001371,0.025636
2026-10-01T09:58:14.708Z,muse-spark-1.3-contributor,35565,26097,1015,745,0.001202,0.020063
2026-10-01T09:58:15.229Z,muse-spark-1.3-contributor,35211,26097,109,11,0.000985,0.015770
2026-10-01T09:58:15.483Z,muse-spark-1.3-contributor,47526,35057,485,403,0.001414,0.022906
2026-10-01T09:58:25.279Z,muse-spark-1.3-contributor,35604,26097,1304,1036,0.001264,0.021340
2026-10-01T09:58:26.904Z,muse-spark-1.3-contributor,47503,35185,502,422,0.001403,0.022809
2026-10-01T09:58:27.406Z,muse-spark-1.3-contributor,47925,39537,2065,551,0.001331,0.025192
2026-10-01T09:58:32.968Z,muse-spark-1.3-contributor,55953,47473,164,42,0.000976,0.018418
2026-10-01T09:58:41.348Z,muse-spark-1.3-contributor,55959,47473,2411,688,0.001426,0.027975
2026-10-01T09:59:04.542Z,muse-spark-1.3-contributor,60726,55921,2590,359,0.001110,0.025402
2026-10-01T09:59:15.433Z,muse-spark-1.3-contributor,26189,26097,167,27,0.000095,0.004739
2026-10-01T09:59:19.270Z,muse-spark-1.3-contributor,26216,26097,144,7,0.000093,0.004675
2026-10-01T09:59:22.252Z,muse-spark-1.3-contributor,26189,26097,168,25,0.000095,0.004744
2026-10-01T09:59:25.558Z,muse-spark-1.3-contributor,38556,26097,401,346,0.001378,0.021193
2026-10-01T09:59:25.812Z,muse-spark-1.3-contributor,26216,26097,174,39,0.000099,0.004803
2026-10-01T09:59:31.466Z,muse-spark-1.3-contributor,36790,26097,472,417,0.001216,0.019287
2026-10-01T09:59:31.914Z,muse-spark-1.3-contributor,26216,26097,251,110,0.000114,0.005130
2026-10-01T09:59:34.346Z,muse-spark-1.3-contributor,26189,26097,163,47,0.000094,0.004722
2026-10-01T09:59:38.742Z,muse-spark-1.3-contributor,35386,26097,806,737,0.001142,0.018951
2026-10-01T09:59:40.273Z,muse-spark-1.3-contributor,35362,26097,818,579,0.001142,0.018972
2026-10-01T09:59:40.906Z,muse-spark-1.3-contributor,26216,26097,280,141,0.000120,0.005253
2026-10-01T09:59:45.759Z,muse-spark-1.3-contributor,35469,26097,1084,785,0.001206,0.020237
2026-10-01T09:59:46.264Z,muse-spark-1.3-contributor,26189,26097,2237,2150,0.000509,0.013537
2026-10-01T09:59:46.796Z,muse-spark-1.3-contributor,35137,26097,124,11,0.000981,0.015742
2026-10-01T09:59:49.106Z,muse-spark-1.3-contributor,46905,38513,2438,479,0.001404,0.026628
2026-10-01T09:59:55.022Z,muse-spark-1.3-contributor,47465,35057,334,279,0.001378,0.022188
2026-10-01T09:59:57.482Z,muse-spark-1.3-contributor,40771,35313,1267,915,0.000870,0.017504
2026-10-01T09:59:57.495Z,muse-spark-1.3-contributor,45210,36721,2903,942,0.001503,0.028457
2026-10-01T10:00:00.666Z,muse-spark-1.3-contributor,40418,35441,1396,351,0.000848,0.017470
2026-10-01T10:00:08.638Z,muse-spark-1.3-contributor,36374,26097,2629,1090,0.001606,0.027934
2026-10-01T10:00:12.426Z,muse-spark-1.3-contributor,31302,26097,1591,1171,0.000891,0.017183
2026-10-01T10:00:18.021Z,muse-spark-1.3-contributor,55747,47345,2992,602,0.001533,0.030320
2026-10-01T10:00:32.800Z,muse-spark-1.3-contributor,26189,26097,163,23,0.000094,0.004722
2026-10-01T10:00:38.848Z,muse-spark-1.3-contributor,26189,26097,163,52,0.000094,0.004722
2026-10-01T10:00:41.102Z,muse-spark-1.3-contributor,38557,26097,405,325,0.001379,0.021211
2026-10-01T10:00:43.379Z,muse-spark-1.3-contributor,30015,26097,140,10,0.000472,0.009407
2026-10-01T10:00:45.317Z,muse-spark-1.3-contributor,26216,26097,548,403,0.000174,0.006392
2026-10-01T10:00:45.925Z,muse-spark-1.3-contributor,26189,26097,167,11,0.000095,0.004739
2026-10-01T10:00:48.445Z,muse-spark-1.3-contributor,26216,26097,501,367,0.000164,0.006193
2026-10-01T10:00:49.949Z,muse-spark-1.3-contributor,42370,29937,278,199,0.001359,0.021213
2026-10-01T10:00:50.619Z,muse-spark-1.3-contributor,26216,26097,316,163,0.000127,0.005406
2026-10-01T10:00:52.653Z,muse-spark-1.3-contributor,33841,26097,423,194,0.000911,0.015392
2026-10-01T10:00:52.731Z,muse-spark-1.3-contributor,26189,26097,246,97,0.000111,0.005075
2026-10-01T10:00:56.130Z,muse-spark-1.3-contributor,26216,26097,278,143,0.000120,0.005245
2026-10-01T10:00:57.137Z,muse-spark-1.3-contributor,35965,26097,155,6,0.001070,0.016908
2026-10-01T10:01:00.320Z,muse-spark-1.3-contributor,46920,33777,278,223,0.001437,0.022677
2026-10-01T10:01:05.022Z,muse-spark-1.3-contributor,46910,38513,1696,285,0.001256,0.023481
2026-10-01T10:01:06.139Z,muse-spark-1.3-contributor,35592,26097,693,460,0.001140,0.018729
2026-10-01T10:01:06.666Z,muse-spark-1.3-contributor,38641,26097,874,783,0.001481,0.023309
2026-10-01T10:01:10.782Z,muse-spark-1.3-contributor,31599,26225,838,696,0.000757,0.014213
2026-10-01T10:01:12.411Z,muse-spark-1.3-contributor,50596,42353,2465,690,0.001402,0.027133
2026-10-01T10:01:16.015Z,muse-spark-1.3-contributor,20225,19697,122,19,0.000117,0.004133
2026-10-01T10:01:16.110Z,muse-spark-1.3-contributor,31570,26097,1316,1039,0.000863,0.016349
2026-10-01T10:01:19.480Z,muse-spark-1.3-contributor,32706,31473,449,168,0.000276,0.008170
2026-10-01T10:01:21.019Z,muse-spark-1.3-contributor,41041,35953,929,633,0.000767,0.015701
2026-10-01T10:01:26.835Z,muse-spark-1.3-contributor,47463,38641,2740,900,0.001507,0.028469
2026-10-01T10:01:28.606Z,muse-spark-1.3-contributor,55146,46833,3113,970,0.001548,0.030646
2026-10-01T10:01:53.862Z,muse-spark-1.3-contributor,26189,26097,257,120,0.000113,0.005122
2026-10-01T10:01:58.238Z,muse-spark-1.3-contributor,26216,26097,310,175,0.000126,0.005381
2026-10-01T10:02:00.657Z,muse-spark-1.3-contributor,26189,26097,165,43,0.000094,0.004731
2026-10-01T10:02:03.756Z,muse-spark-1.3-contributor,26216,8433,136,35,0.001822,0.024072
2026-10-01T10:02:04.495Z,muse-spark-1.3-contributor,26755,26097,107,5,0.000139,0.005192
2026-10-01T10:02:06.146Z,muse-spark-1.3-contributor,35988,26097,532,374,0.001148,0.018539
2026-10-01T10:02:09.125Z,muse-spark-1.3-contributor,31332,26097,722,407,0.000720,0.013527
2026-10-01T10:02:10.822Z,muse-spark-1.3-contributor,26189,26097,654,571,0.000192,0.006809
2026-10-01T10:02:12.266Z,muse-spark-1.3-contributor,26216,26097,219,102,0.000108,0.004994
2026-10-01T10:02:13.624Z,muse-spark-1.3-contributor,39206,26737,392,337,0.001379,0.021263
2026-10-01T10:02:17.044Z,muse-spark-1.3-contributor,26189,26097,691,606,0.000200,0.006966
2026-10-01T10:02:21.620Z,muse-spark-1.3-contributor,26216,13809,641,499,0.001397,0.020304
2026-10-01T10:02:22.146Z,muse-spark-1.3-contributor,34791,26097,983,246,0.001118,0.018960
2026-10-01T10:02:22.969Z,muse-spark-1.3-contributor,30462,26097,1115,876,0.000712,0.014110
2026-10-01T10:02:27.300Z,muse-spark-1.3-contributor,34828,26097,1244,258,0.001174,0.020115
2026-10-01T10:02:29.362Z,muse-spark-1.3-contributor,47546,39153,1189,335,0.001155,0.021417
2026-10-01T10:02:29.901Z,muse-spark-1.3-contributor,35214,26097,158,5,0.000995,0.015982
2026-10-01T10:02:34.378Z,muse-spark-1.3-contributor,41123,35953,3780,385,0.001345,0.027920
2026-10-01T10:02:39.694Z,muse-spark-1.3-contributor,20994,12529,323,31,0.000936,0.013833
2026-10-01T10:02:40.148Z,muse-spark-1.3-contributor,21013,8433,497,45,0.001374,0.019102
2026-10-01T10:02:40.479Z,muse-spark-1.3-contributor,21002,5745,202,71,0.001578,0.020792
2026-10-01T10:02:42.471Z,muse-spark-1.3-contributor,32902,26097,1003,656,0.000933,0.016684
2026-10-01T10:02:42.946Z,muse-spark-1.3-contributor,45817,41073,191,77,0.000595,0.012903
2026-10-01T10:02:43.288Z,muse-spark-1.3-contributor,20968,8433,606,43,0.001392,0.019509
2026-10-01T10:02:43.921Z,muse-spark-1.3-contributor,31171,20977,269,0,0.001115,0.017032
2026-10-01T10:02:45.544Z,muse-spark-1.3-contributor,20896,12529,275,62,0.000917,0.013507
2026-10-01T10:02:45.733Z,muse-spark-1.3-contributor,21013,8433,810,373,0.001437,0.020432
2026-10-01T10:02:45.920Z,muse-spark-1.3-contributor,25833,20977,98,0,0.000547,0.009633
2026-10-01T10:02:45.997Z,muse-spark-1.3-contributor,20993,12529,751,295,0.001022,0.015651
2026-10-01T10:02:46.180Z,muse-spark-1.3-contributor,33672,20977,437,5,0.001399,0.020873
2026-10-01T10:02:50.074Z,muse-spark-1.3-contributor,28279,25713,100,0,0.000328,0.007489
2026-10-01T10:02:50.613Z,muse-spark-1.3-contributor,37609,35185,538,380,0.000420,0.010594
2026-10-01T10:02:51.289Z,muse-spark-1.3-contributor,46425,31089,260,0,0.001648,0.024938
2026-10-01T10:02:52.489Z,muse-spark-1.3-contributor,56599,20849,647,6,0.003746,0.050565
2026-10-01T10:02:54.269Z,muse-spark-1.3-contributor,29886,28273,99,0,0.000238,0.006678
2026-10-01T10:02:55.285Z,muse-spark-1.3-contributor,77364,33649,407,0,0.004520,0.061421
2026-10-01T10:02:55.835Z,muse-spark-1.3-contributor,48989,20977,452,0,0.002934,0.040083
2026-10-01T10:02:56.137Z,muse-spark-1.3-contributor,61607,46321,208,0,0.001663,0.026940
2026-10-01T10:02:57.588Z,muse-spark-1.3-contributor,42025,20977,439,10,0.002235,0.031322
2026-10-01T10:02:58.798Z,muse-spark-1.3-contributor,31262,8433,101,0,0.002320,0.030230
2026-10-01T10:03:00.725Z,muse-spark-1.3-contributor,88625,77297,248,0,0.001337,0.026809
2026-10-01T10:03:01.945Z,muse-spark-1.3-contributor,104909,56561,628,6,0.005074,0.071588
2026-10-01T10:03:02.594Z,muse-spark-1.3-contributor,71937,61553,225,0,0.001207,0.023169
2026-10-01T10:03:05.669Z,muse-spark-1.3-contributor,75557,48881,456,0,0.002857,0.042615
2026-10-01T10:03:05.877Z,muse-spark-1.3-contributor,57629,41969,431,3,0.001736,0.027702
2026-10-01T10:03:06.070Z,muse-spark-1.3-contributor,94928,88561,445,3,0.000903,0.023134
2026-10-01T10:03:06.719Z,muse-spark-1.3-contributor,32109,31217,99,0,0.000171,0.006218
2026-10-01T10:03:07.393Z,muse-spark-1.3-contributor,88006,71921,175,0,0.001787,0.031638
2026-10-01T10:03:08.023Z,muse-spark-1.3-contributor,21570,20849,546,57,0.000223,0.006349
2026-10-01T10:03:10.018Z,muse-spark-1.3-contributor,32377,31985,100,0,0.000123,0.005713
2026-10-01T10:03:10.864Z,muse-spark-1.3-contributor,38335,37489,473,267,0.000254,0.008691
2026-10-01T10:03:12.570Z,muse-spark-1.3-contributor,143608,104817,658,5,0.004220,0.067008
2026-10-01T10:03:14.119Z,muse-spark-1.3-contributor,76027,57585,355,2,0.002030,0.033199
2026-10-01T10:03:14.309Z,muse-spark-1.3-contributor,34572,32369,100,0,0.000305,0.008034
2026-10-01T10:03:17.461Z,muse-spark-1.3-contributor,149902,94833,412,0,0.005779,0.084812
2026-10-01T10:03:17.531Z,muse-spark-1.3-contributor,96286,75505,471,0,0.002323,0.039304
2026-10-01T10:03:19.172Z,muse-spark-1.3-contributor,38950,21489,202,33,0.001829,0.025908
2026-10-01T10:03:21.596Z,muse-spark-1.3-contributor,36456,34545,101,0,0.000280,0.008000
2026-10-01T10:03:22.541Z,muse-spark-1.3-contributor,103466,76017,436,5,0.002984,0.047567
2026-10-01T10:03:22.695Z,muse-spark-1.3-contributor,195023,143601,573,34,0.005544,0.088253
2026-10-01T10:03:22.861Z,muse-spark-1.3-contributor,170235,149873,251,0,0.002386,0.049000
2026-10-01T10:03:24.819Z,muse-spark-1.3-contributor,40158,36337,100,0,0.000475,0.010652
2026-10-01T10:03:26.166Z,muse-spark-1.3-contributor,120785,96241,469,0,0.002741,0.047109
2026-10-01T10:03:28.042Z,muse-spark-1.3-contributor,39363,38897,267,101,0.000178,0.007552
2026-10-01T10:03:30.357Z,muse-spark-1.3-contributor,45280,40049,100,0,0.000623,0.012971
2026-10-01T10:03:31.078Z,muse-spark-1.3-contributor,135662,103409,435,4,0.003519,0.057676
2026-10-01T10:03:34.862Z,muse-spark-1.3-contributor,51339,45169,100,0,0.000727,0.014913
2026-10-01T10:03:35.931Z,muse-spark-1.3-contributor,141208,120689,456,0,0.002384,0.045690
2026-10-01T10:03:37.670Z,muse-spark-1.3-contributor,56906,51313,100,0,0.000682,0.015113
2026-10-01T10:03:38.324Z,muse-spark-1.3-contributor,155195,135537,505,69,0.002338,0.047049
2026-10-01T10:03:38.615Z,muse-spark-1.3-contributor,72303,8433,427,14,0.006489,0.082917
2026-10-01T10:03:40.572Z,muse-spark-1.3-contributor,58928,56817,99,0,0.000345,0.011582
2026-10-01T10:03:41.714Z,muse-spark-1.3-contributor,161085,141169,404,0,0.002355,0.047787
2026-10-01T10:03:43.174Z,muse-spark-1.3-contributor,60794,58865,99,0,0.000330,0.011662
2026-10-01T10:03:44.350Z,muse-spark-1.3-contributor,95005,87921,219,0,0.000928,0.022974
2026-10-01T10:03:45.290Z,muse-spark-1.3-contributor,177339,155121,492,49,0.002630,0.053132
2026-10-01T10:03:47.807Z,muse-spark-1.3-contributor,174592,161009,442,0,0.001769,0.043009
2026-10-01T10:03:47.981Z,muse-spark-1.3-contributor,88196,72177,316,45,0.001809,0.032193
2026-10-01T10:03:48.358Z,muse-spark-1.3-contributor,107961,94961,164,0,0.001523,0.031191
2026-10-01T10:03:50.903Z,muse-spark-1.3-contributor,66780,60785,99,0,0.000741,0.017032
2026-10-01T10:03:52.065Z,muse-spark-1.3-contributor,221014,177265,208,18,0.004771,0.082160
2026-10-01T10:03:53.100Z,muse-spark-1.3-contributor,119098,107889,162,0,0.001369,0.030883
2026-10-01T10:03:55.444Z,muse-spark-1.3-contributor,68936,66673,100,0,0.000380,0.013255
2026-10-01T10:03:56.548Z,muse-spark-1.3-contributor,205249,174577,202,0,0.003457,0.065385
2026-10-01T10:03:57.668Z,muse-spark-1.3-contributor,137748,119025,175,0,0.002145,0.042001
2026-10-01T10:03:57.972Z,muse-spark-1.3-contributor,70533,68849,99,0,0.000326,0.012853
2026-10-01T10:03:58.105Z,muse-spark-1.3-contributor,140469,88177,319,70,0.005469,0.079947
2026-10-01T10:04:03.389Z,muse-spark-1.3-contributor,147717,137713,159,0,0.001308,0.033838
2026-10-01T10:04:05.472Z,muse-spark-1.3-contributor,74197,70513,98,0,0.000529,0.015598
2026-10-01T10:04:07.523Z,muse-spark-1.3-contributor,152589,147697,120,10,0.000809,0.028780
2026-10-01T10:04:07.990Z,muse-spark-1.3-contributor,81270,74097,98,0,0.000885,0.020497
2026-10-01T10:04:10.392Z,muse-spark-1.3-contributor,91311,81265,99,0,0.001187,0.025168
2026-10-01T10:04:13.221Z,muse-spark-1.3-contributor,101990,91249,219,92,0.001300,0.028044
2026-10-01T10:04:14.141Z,muse-spark-1.3-contributor,168549,140401,429,320,0.003181,0.058068
2026-10-01T10:04:16.602Z,muse-spark-1.3-contributor,106138,101873,308,0,0.000692,0.021921
2026-10-01T10:04:21.613Z,muse-spark-1.3-contributor,115579,106097,310,0,0.001222,0.029085
2026-10-01T10:04:25.279Z,muse-spark-1.3-contributor,125701,115569,308,0,0.001306,0.031309
2026-10-01T10:04:29.349Z,muse-spark-1.3-contributor,134304,125681,312,0,0.001176,0.030957
2026-10-01T10:04:33.557Z,muse-spark-1.3-contributor,143815,134257,311,0,0.001287,0.033408
2026-10-01T10:04:35.207Z,muse-spark-1.3-contributor,195601,168433,716,517,0.003197,0.062268
2026-10-01T10:04:37.599Z,muse-spark-1.3-contributor,159366,143729,309,0,0.001913,0.042419
2026-10-01T10:04:40.698Z,muse-spark-1.3-contributor,196357,195569,249,46,0.000520,0.031379
2026-10-01T10:04:41.682Z,muse-spark-1.3-contributor,169933,159345,307,0,0.001439,0.038442
2026-10-01T10:04:45.314Z,muse-spark-1.3-contributor,196646,196337,133,46,0.000450,0.030402
2026-10-01T10:04:47.378Z,muse-spark-1.3-contributor,186082,169841,307,0,0.002025,0.047082
2026-10-01T10:04:54.678Z,muse-spark-1.3-contributor,189984,185969,397,167,0.000853,0.034601
2026-10-01T10:04:55.906Z,muse-spark-1.3-contributor,197197,196593,360,99,0.000526,0.031774
2026-10-01T10:05:02.512Z,muse-spark-1.3-contributor,198558,197105,322,75,0.000604,0.032751
2026-10-01T10:05:12.991Z,muse-spark-1.3-contributor,201828,198513,417,175,0.000812,0.035693
2026-10-01T10:05:22.833Z,muse-spark-1.3-contributor,203345,201713,231,65,0.000613,0.033279
2026-10-01T10:05:51.392Z,muse-spark-1.3-contributor,205578,203249,806,697,0.000801,0.036824
2026-10-01T10:05:58.381Z,muse-spark-1.3-contributor,232410,205553,173,87,0.003131,0.065139
2026-10-01T10:06:17.371Z,muse-spark-1.3-contributor,259706,232305,607,334,0.003326,0.071677
2026-10-01T10:06:23.192Z,muse-spark-1.3-contributor,214584,205169,9941,9691,0.003340,0.084793
2026-10-01T10:06:25.171Z,muse-spark-1.3-contributor,260420,259697,292,47,0.000650,0.041099
2026-10-01T10:06:31.250Z,muse-spark-1.3-contributor,260850,260337,160,0,0.000604,0.040372
2026-10-01T10:06:39.903Z,muse-spark-1.3-contributor,265500,260849,300,95,0.001047,0.046216
2026-10-01T10:06:46.596Z,muse-spark-1.3-contributor,269580,265457,241,95,0.000991,0.045997
2026-10-01T10:06:52.002Z,muse-spark-1.3-contributor,225399,214513,1954,415,0.001908,0.054089
2026-10-01T10:06:56.317Z,muse-spark-1.3-contributor,271377,269553,274,118,0.000776,0.043877
2026-10-01T10:07:00.980Z,muse-spark-1.3-contributor,271812,271345,79,0,0.000605,0.041621
2026-10-01T10:07:05.982Z,muse-spark-1.3-contributor,278016,271729,176,91,0.001207,0.049366
2026-10-01T10:07:12.821Z,muse-spark-1.3-contributor,281521,278001,95,10,0.000927,0.046504
2026-10-01T10:07:22.888Z,muse-spark-1.3-contributor,283549,281457,265,180,0.000825,0.045960
2026-10-01T10:07:34.509Z,muse-spark-1.3-contributor,291454,283505,368,202,0.001436,0.054026
2026-10-01T10:07:49.476Z,muse-spark-1.3-contributor,296090,291441,294,155,0.001107,0.050777
2026-10-01T10:08:00.747Z,muse-spark-1.3-contributor,46520,45809,112,50,0.000185,0.008236
2026-10-01T10:08:01.337Z,muse-spark-1.3-contributor,297483,296049,393,170,0.000814,0.047870
2026-10-01T10:08:05.745Z,muse-spark-1.3-contributor,46851,46449,240,130,0.000181,0.008490
2026-10-01T10:08:09.294Z,muse-spark-1.3-contributor,302487,297457,129,44,0.001124,0.051454
2026-10-01T10:08:11.968Z,muse-spark-1.3-contributor,47127,46833,424,109,0.000208,0.009194
2026-10-01T10:08:16.839Z,muse-spark-1.3-contributor,309071,302449,238,70,0.001315,0.054656
2026-10-01T10:08:17.384Z,muse-spark-1.3-contributor,47671,47089,301,147,0.000213,0.009070
2026-10-01T10:08:17.617Z,muse-spark-1.3-contributor,20820,8561,287,139,0.001300,0.017828
2026-10-01T10:08:22.907Z,muse-spark-1.3-contributor,32210,20721,171,8,0.001225,0.018196
2026-10-01T10:08:24.613Z,muse-spark-1.3-contributor,48048,47601,333,61,0.000207,0.009114
2026-10-01T10:08:29.340Z,muse-spark-1.3-contributor,49424,47985,289,20,0.000298,0.010225
2026-10-01T10:08:29.658Z,muse-spark-1.3-contributor,309479,308977,383,120,0.000745,0.048602
2026-10-01T10:08:31.522Z,muse-spark-1.3-contributor,35134,32113,858,410,0.000538,0.012240
2026-10-01T10:08:31.623Z,muse-spark-1.3-contributor,228656,8433,616,32,0.022162,0.279162
2026-10-01T10:08:34.227Z,muse-spark-1.3-contributor,53143,49393,262,49,0.000526,0.013210
2026-10-01T10:08:36.167Z,muse-spark-1.3-contributor,49180,35057,429,5,0.001568,0.024736
2026-10-01T10:08:37.445Z,muse-spark-1.3-contributor,310083,309361,223,102,0.000736,0.048254
2026-10-01T10:08:41.780Z,muse-spark-1.3-contributor,68372,49137,459,40,0.002114,0.033365
2026-10-01T10:08:42.135Z,muse-spark-1.3-contributor,55912,53105,322,168,0.000451,0.012843
2026-10-01T10:08:43.377Z,muse-spark-1.3-contributor,310452,310001,79,0,0.000681,0.047400
2026-10-01T10:08:48.608Z,muse-spark-1.3-contributor,100199,68337,373,20,0.003397,0.051663
2026-10-01T10:08:50.469Z,muse-spark-1.3-contributor,56316,55793,137,23,0.000191,0.009605
2026-10-01T10:08:53.595Z,muse-spark-1.3-contributor,121590,100081,271,18,0.002405,0.043050
2026-10-01T10:08:55.497Z,muse-spark-1.3-contributor,229348,228593,1311,1091,0.000795,0.040804
2026-10-01T10:08:57.574Z,muse-spark-1.3-contributor,130301,121585,199,55,0.001155,0.029979
2026-10-01T10:09:01.936Z,muse-spark-1.3-contributor,311388,310385,456,246,0.000812,0.049750
2026-10-01T10:09:02.981Z,muse-spark-1.3-contributor,131346,130289,428,0,0.000452,0.022684
2026-10-01T10:09:11.066Z,muse-spark-1.3-contributor,136716,131313,422,0,0.000887,0.028244
2026-10-01T10:09:16.056Z,muse-spark-1.3-contributor,140877,136689,547,34,0.000802,0.028063
2026-10-01T10:09:22.822Z,muse-spark-1.3-contributor,146087,140785,543,81,0.000920,0.030053
2026-10-01T10:09:30.731Z,muse-spark-1.3-contributor,148204,146033,251,0,0.000559,0.025685
2026-10-01T10:09:36.886Z,muse-spark-1.3-contributor,178371,178289,18912,16842,0.004147,0.107222
2026-10-01T10:09:58.187Z,muse-spark-1.3-contributor,57055,56305,421,104,0.000272,0.011173
2026-10-01T10:10:01.318Z,muse-spark-1.3-contributor,153170,153073,13541,13291,0.003024,0.080631
2026-10-01T10:10:02.823Z,muse-spark-1.3-contributor,230745,229233,233,117,0.000656,0.037265
2026-10-01T10:10:03.600Z,muse-spark-1.3-contributor,57635,56945,124,12,0.000208,0.009931
2026-10-01T10:10:05.179Z,muse-spark-1.3-contributor,225312,225265,14666,13138,0.003388,0.096179
2026-10-01T10:10:08.131Z,muse-spark-1.3-contributor,166751,153073,104,16,0.001695,0.040500
2026-10-01T10:10:10.898Z,muse-spark-1.3-contributor,167085,166641,176,0,0.000413,0.026299
2026-10-01T10:10:18.566Z,muse-spark-1.3-contributor,198590,8433,1126,829,0.019258,0.243747
2026-10-01T10:10:34.049Z,muse-spark-1.3-contributor,168615,167025,2493,1186,0.000992,0.037637
2026-10-01T10:10:35.405Z,muse-spark-1.3-contributor,157768,148081,4830,4585,0.002231,0.054848
2026-10-01T10:10:41.975Z,muse-spark-1.3-contributor,59117,57585,621,156,0.000393,0.013192
2026-10-01T10:10:49.253Z,muse-spark-1.3-contributor,59979,58993,371,17,0.000291,0.011658
2026-10-01T10:10:50.575Z,muse-spark-1.3-contributor,163746,157681,125,23,0.000947,0.031765
2026-10-01T10:10:52.234Z,muse-spark-1.3-contributor,314121,311281,3543,3434,0.001615,0.065300
2026-10-01T10:10:52.964Z,muse-spark-1.3-contributor,172415,8433,270,16,0.016469,0.207390
2026-10-01T10:10:53.227Z,muse-spark-1.3-contributor,199790,198513,238,43,0.000572,0.032385
2026-10-01T10:10:54.168Z,muse-spark-1.3-contributor,163892,163697,108,0,0.000368,0.025257
2026-10-01T10:10:55.250Z,muse-spark-1.3-contributor,62419,59889,558,229,0.000484,0.014517
2026-10-01T10:10:58.096Z,muse-spark-1.3-contributor,318780,314097,112,0,0.001119,0.053444
2026-10-01T10:10:59.432Z,muse-spark-1.3-contributor,164631,163825,321,203,0.000472,0.026946
2026-10-01T10:11:01.774Z,muse-spark-1.3-contributor,65993,62321,364,76,0.000565,0.015485
2026-10-01T10:11:02.788Z,muse-spark-1.3-contributor,241292,8433,1059,831,0.023515,0.296839
2026-10-01T10:11:06.538Z,muse-spark-1.3-contributor,66890,65905,186,41,0.000268,0.011907
2026-10-01T10:11:06.721Z,muse-spark-1.3-contributor,200098,199665,115,36,0.000466,0.030980
2026-10-01T10:11:08.591Z,muse-spark-1.3-contributor,172751,172401,151,14,0.000410,0.026939
2026-10-01T10:11:12.509Z,muse-spark-1.3-contributor,242418,241265,265,146,0.000651,0.038757
2026-10-01T10:11:14.186Z,muse-spark-1.3-contributor,177312,164593,307,155,0.001662,0.041892
2026-10-01T10:11:15.015Z,muse-spark-1.3-contributor,67422,66801,748,394,0.000345,0.013975
2026-10-01T10:11:23.453Z,muse-spark-1.3-contributor,70821,67313,672,362,0.000620,0.017338
2026-10-01T10:11:27.027Z,muse-spark-1.3-contributor,172972,172657,38,11,0.000384,0.026454
2026-10-01T10:11:35.762Z,muse-spark-1.3-contributor,72981,70769,817,609,0.000526,0.016853
2026-10-01T10:11:35.911Z,muse-spark-1.3-contributor,178413,177265,1449,1313,0.000759,0.034183
2026-10-01T10:11:43.590Z,muse-spark-1.3-contributor,74920,72945,716,604,0.000487,0.016453
2026-10-01T10:11:56.898Z,muse-spark-1.3-contributor,319588,318705,180,84,0.000762,0.049675
2026-10-01T10:12:03.084Z,muse-spark-1.3-contributor,180149,178289,2306,662,0.001004,0.038869
2026-10-01T10:12:08.089Z,muse-spark-1.3-contributor,320110,319473,346,126,0.000772,0.050188
2026-10-01T10:12:14.610Z,muse-spark-1.3-contributor,321106,319985,207,89,0.000793,0.050279
2026-10-01T10:12:21.593Z,muse-spark-1.3-contributor,321334,321009,188,87,0.000712,0.049357
2026-10-01T10:12:59.265Z,muse-spark-1.3-contributor,321577,321265,311,207,0.000736,0.049902
2026-10-01T10:13:04.644Z,muse-spark-1.3-contributor,321909,321521,153,48,0.000712,0.049363
2026-10-01T10:13:12.601Z,muse-spark-1.3-contributor,322380,321905,325,210,0.000756,0.050261
2026-10-01T10:13:31.645Z,muse-spark-1.3-contributor,322922,322289,670,585,0.000842,0.051982
2026-10-01T10:13:46.196Z,muse-spark-1.3-contributor,323838,322801,646,539,0.000879,0.052462
2026-10-01T10:13:53.960Z,muse-spark-1.3-contributor,326735,323825,236,151,0.000986,0.053214
2026-10-01T10:14:03.662Z,muse-spark-1.3-contributor,331392,326641,568,325,0.001242,0.057349
2026-10-01T10:14:11.467Z,muse-spark-1.3-contributor,332070,331377,279,133,0.000788,0.051759
2026-10-01T10:14:32.478Z,muse-spark-1.3-contributor,332462,332017,1236,1151,0.000956,0.055612
2026-10-01T10:14:39.019Z,muse-spark-1.3-contributor,337156,332401,246,100,0.001190,0.056849
2026-10-01T10:14:43.447Z,muse-spark-1.3-contributor,337611,337137,79,0,0.000737,0.051499
2026-10-01T10:15:22.767Z,muse-spark-1.3-contributor,339787,337521,2399,2223,0.001381,0.063656
2026-10-01T10:15:46.391Z,muse-spark-1.3-contributor,343109,339697,1722,619,0.001365,0.062538
2026-10-01T10:15:47.151Z,muse-spark-1.3-contributor,76534,74865,709,412,0.000458,0.016329
2026-10-01T10:15:56.435Z,muse-spark-1.3-contributor,77554,76529,679,225,0.000391,0.015646
2026-10-01T10:16:04.550Z,muse-spark-1.3-contributor,78427,77553,791,20,0.000401,0.016087
2026-10-01T10:16:04.894Z,muse-spark-1.3-contributor,20828,12529,575,40,0.000970,0.014697
2026-10-01T10:16:10.925Z,muse-spark-1.3-contributor,20792,12529,363,17,0.000924,0.013751
2026-10-01T10:16:11.800Z,muse-spark-1.3-contributor,31902,20721,406,0,0.001241,0.018810
2026-10-01T10:16:12.087Z,muse-spark-1.3-contributor,20804,12529,152,46,0.000883,0.012869
2026-10-01T10:16:13.756Z,muse-spark-1.3-contributor,79582,78321,709,352,0.000425,0.016338
2026-10-01T10:16:15.413Z,muse-spark-1.3-contributor,32750,20721,270,4,0.001298,0.019292
2026-10-01T10:16:18.792Z,muse-spark-1.3-contributor,42807,32625,195,11,0.001122,0.018450
2026-10-01T10:16:19.504Z,muse-spark-1.3-contributor,346148,8433,1305,1059,0.034049,0.428955
2026-10-01T10:16:20.578Z,muse-spark-1.3-contributor,25958,20721,80,0,0.000581,0.009994
2026-10-01T10:16:22.018Z,muse-spark-1.3-contributor,54825,42737,91,6,0.001312,0.021907
2026-10-01T10:16:23.510Z,muse-spark-1.3-contributor,31977,25841,80,0,0.000681,0.011886
2026-10-01T10:16:24.465Z,muse-spark-1.3-contributor,62177,54769,80,0,0.000866,0.017815
2026-10-01T10:16:26.474Z,muse-spark-1.3-contributor,37490,31857,80,0,0.000643,0.012160
2026-10-01T10:16:28.196Z,muse-spark-1.3-contributor,20794,0,303,7,0.002140,0.027280
2026-10-01T10:16:29.422Z,muse-spark-1.3-contributor,183794,8433,3506,3078,0.018254,0.235367
2026-10-01T10:16:30.744Z,muse-spark-1.3-contributor,39472,37489,79,0,0.000289,0.008438
2026-10-01T10:16:30.882Z,muse-spark-1.3-contributor,82839,79473,74,18,0.000510,0.016443
2026-10-01T10:16:32.973Z,muse-spark-1.3-contributor,35982,20721,288,0,0.001625,0.023408
2026-10-01T10:16:37.663Z,muse-spark-1.3-contributor,41298,39409,78,0,0.000283,0.008604
2026-10-01T10:16:37.782Z,muse-spark-1.3-contributor,55851,35953,211,0,0.002104,0.031162
2026-10-01T10:16:40.734Z,muse-spark-1.3-contributor,47242,41201,78,0,0.000702,0.014063
2026-10-01T10:16:41.777Z,muse-spark-1.3-contributor,87195,82801,594,192,0.000724,0.020437
2026-10-01T10:16:44.438Z,muse-spark-1.3-contributor,49356,47217,79,0,0.000324,0.010092
2026-10-01T10:16:46.112Z,muse-spark-1.3-contributor,50911,49265,79,0,0.000279,0.009783
2026-10-01T10:16:48.445Z,muse-spark-1.3-contributor,89575,87153,286,175,0.000474,0.017316
2026-10-01T10:16:51.596Z,muse-spark-1.3-contributor,54535,50801,329,226,0.000541,0.013686
2026-10-01T10:16:52.486Z,muse-spark-1.3-contributor,90093,89457,99,0,0.000262,0.014634
2026-10-01T10:16:55.697Z,muse-spark-1.3-contributor,91002,89969,120,0,0.000307,0.015297
2026-10-01T10:16:58.762Z,muse-spark-1.3-contributor,347525,8433,287,135,0.033983,0.426350
2026-10-01T10:17:03.838Z,muse-spark-1.3-contributor,91806,90993,179,53,0.000299,0.015426
2026-10-01T10:17:09.964Z,muse-spark-1.3-contributor,93511,91761,177,48,0.000394,0.016704
2026-10-01T10:17:21.520Z,muse-spark-1.3-contributor,93913,93425,630,517,0.000362,0.017301
2026-10-01T10:17:22.209Z,muse-spark-1.3-contributor,187371,183793,442,158,0.000814,0.033920
2026-10-01T10:17:55.841Z,muse-spark-1.3-contributor,59684,55793,6727,6596,0.001846,0.041822
2026-10-01T10:17:59.098Z,muse-spark-1.3-contributor,66432,12529,93,0,0.005434,0.069653
2026-10-01T10:17:59.504Z,muse-spark-1.3-contributor,39951,31857,6789,6696,0.002231,0.043749
2026-10-01T10:18:06.592Z,muse-spark-1.3-contributor,95085,93809,628,316,0.000441,0.018335
2026-10-01T10:18:13.017Z,muse-spark-1.3-contributor,69682,66417,1335,1170,0.000726,0.019718
2026-10-01T10:18:16.173Z,muse-spark-1.3-contributor,97879,94961,826,501,0.000647,0.021402
2026-10-01T10:18:27.108Z,muse-spark-1.3-contributor,100883,97777,769,411,0.000660,0.021817
2026-10-01T10:18:32.108Z,muse-spark-1.3-contributor,102335,100849,195,29,0.000389,0.017814
2026-10-01T10:18:40.391Z,muse-spark-1.3-contributor,104602,102257,664,397,0.000572,0.021092
2026-10-01T10:18:41.713Z,muse-spark-1.3-contributor,70077,62065,8384,8292,0.002602,0.054957
2026-10-01T10:18:43.654Z,muse-spark-1.3-contributor,187884,187249,113,13,0.000461,0.029361
2026-10-01T10:18:56.331Z,muse-spark-1.3-contributor,106748,104561,1236,950,0.000675,0.023671
2026-10-01T10:19:07.706Z,muse-spark-1.3-contributor,72320,8433,177,130,0.006441,0.081876
2026-10-01T10:19:08.022Z,muse-spark-1.3-contributor,110511,106737,756,509,0.000742,0.023941
2026-10-01T10:19:19.677Z,muse-spark-1.3-contributor,113674,110449,932,685,0.000730,0.024560
2026-10-01T10:19:28.335Z,muse-spark-1.3-contributor,116617,113649,524,359,0.000629,0.022984
2026-10-01T10:19:36.804Z,muse-spark-1.3-contributor,118627,116593,557,309,0.000548,0.022399
2026-10-01T10:19:47.866Z,muse-spark-1.3-contributor,55108,54513,14607,14490,0.003090,0.071000
2026-10-01T10:19:52.812Z,muse-spark-1.3-contributor,121394,118513,731,551,0.000671,0.024485
2026-10-01T10:19:57.110Z,muse-spark-1.3-contributor,122494,121329,247,77,0.000409,0.020705
2026-10-01T10:20:04.065Z,muse-spark-1.3-contributor,123065,122481,313,146,0.000366,0.020432
2026-10-01T10:20:13.149Z,muse-spark-1.3-contributor,124617,122993,659,414,0.000540,0.023280
2026-10-01T10:20:23.303Z,muse-spark-1.3-contributor,127168,124529,610,344,0.000635,0.024571
2026-10-01T10:20:59.189Z,muse-spark-1.3-contributor,129656,127089,485,259,0.000608,0.024333
2026-10-01T10:21:07.465Z,muse-spark-1.3-contributor,130388,26097,353,155,0.010552,0.135779
2026-10-01T10:21:13.580Z,muse-spark-1.3-contributor,132407,130289,231,129,0.000519,0.023173
2026-10-01T10:21:20.592Z,muse-spark-1.3-contributor,132659,132337,425,149,0.000382,0.022059
2026-10-01T10:21:26.685Z,muse-spark-1.3-contributor,133153,132593,353,160,0.000392,0.022089
2026-10-01T10:21:32.434Z,muse-spark-1.3-contributor,134423,133105,173,88,0.000433,0.022349
2026-10-01T10:21:36.822Z,muse-spark-1.3-contributor,135436,134385,210,109,0.000416,0.022364
2026-10-01T10:21:48.738Z,muse-spark-1.3-contributor,136028,135409,479,299,0.000429,0.023121
2026-10-01T10:22:02.029Z,muse-spark-1.3-contributor,137416,135921,387,182,0.000499,0.023902
2026-10-01T10:22:17.561Z,muse-spark-1.3-contributor,138517,137329,457,166,0.000485,0.024027
2026-10-01T10:22:26.564Z,muse-spark-1.3-contributor,140118,138481,400,302,0.000521,0.024518
2026-10-01T10:22:30.371Z,muse-spark-1.3-contributor,140659,140017,78,0,0.000360,0.022137
2026-10-01T10:22:34.167Z,muse-spark-1.3-contributor,141130,140657,198,92,0.000368,0.022531
2026-10-01T10:22:40.225Z,muse-spark-1.3-contributor,141349,141041,160,75,0.000345,0.022221
2026-10-01T10:22:46.241Z,muse-spark-1.3-contributor,141542,141297,246,47,0.000356,0.022546
2026-10-01T10:22:50.303Z,muse-spark-1.3-contributor,142251,141425,146,23,0.000395,0.022867
2026-10-01T10:22:54.719Z,muse-spark-1.3-contributor,142537,142193,176,0,0.000354,0.022507
2026-10-01T10:23:00.350Z,muse-spark-1.3-contributor,143220,142449,259,154,0.000414,0.023432
2026-10-01T10:23:04.311Z,muse-spark-1.3-contributor,143500,143217,81,0,0.000331,0.022181
2026-10-01T10:23:08.936Z,muse-spark-1.3-contributor,143632,143473,146,44,0.000332,0.022340
2026-10-01T10:24:05.425Z,muse-spark-1.3-contributor,143907,143601,114,0,0.000341,0.022407
2026-10-01T10:24:32.987Z,muse-spark-1.3-contributor,144262,26097,1782,1106,0.012225,0.159194
2026-10-01T10:24:36.823Z,muse-spark-1.3-contributor,20765,12529,224,100,0.000893,0.013126
2026-10-01T10:24:41.029Z,muse-spark-1.3-contributor,146282,144241,396,0,0.000572,0.025870
2026-10-01T10:24:41.753Z,muse-spark-1.3-contributor,27964,20721,98,0,0.000785,0.012578
2026-10-01T10:24:45.110Z,muse-spark-1.3-contributor,20860,12529,271,145,0.000912,0.013445
2026-10-01T10:24:45.365Z,muse-spark-1.3-contributor,20965,5361,908,49,0.001753,0.024168
2026-10-01T10:24:45.740Z,muse-spark-1.3-contributor,36173,27889,99,0,0.000904,0.014959
2026-10-01T10:24:48.784Z,muse-spark-1.3-contributor,45377,36081,99,0,0.001022,0.017453
2026-10-01T10:24:49.245Z,muse-spark-1.3-contributor,148109,146161,269,133,0.000541,0.025502
2026-10-01T10:24:50.119Z,muse-spark-1.3-contributor,43970,20849,146,41,0.002383,0.032649
2026-10-01T10:24:51.767Z,muse-spark-1.3-contributor,48841,45297,99,0,0.000465,0.011645
2026-10-01T10:24:54.201Z,muse-spark-1.3-contributor,44223,43889,386,261,0.000198,0.008641
2026-10-01T10:24:54.870Z,muse-spark-1.3-contributor,148399,148081,137,19,0.000355,0.023192
2026-10-01T10:24:55.563Z,muse-spark-1.3-contributor,49036,48753,167,43,0.000159,0.008376
2026-10-01T10:24:57.522Z,muse-spark-1.3-contributor,71891,0,860,4,0.007361,0.093519
2026-10-01T10:24:57.737Z,muse-spark-1.3-contributor,148946,148337,113,0,0.000380,0.023492
2026-10-01T10:24:58.656Z,muse-spark-1.3-contributor,67519,44145,262,139,0.002478,0.036953
2026-10-01T10:25:03.854Z,muse-spark-1.3-contributor,72439,67441,194,89,0.000673,0.017188
2026-10-01T10:25:07.761Z,muse-spark-1.3-contributor,149290,148849,532,388,0.000448,0.025140
2026-10-01T10:25:08.906Z,muse-spark-1.3-contributor,74938,72433,255,150,0.000446,0.015080
2026-10-01T10:25:10.747Z,muse-spark-1.3-contributor,147182,71793,897,47,0.007862,0.108817
2026-10-01T10:25:13.692Z,muse-spark-1.3-contributor,88873,74865,311,185,0.001613,0.030062
2026-10-01T10:25:19.405Z,muse-spark-1.3-contributor,152345,149233,747,543,0.000759,0.029450
2026-10-01T10:25:22.807Z,muse-spark-1.3-contributor,102241,88817,554,448,0.001631,0.032457
2026-10-01T10:25:24.199Z,muse-spark-1.3-contributor,187335,147057,97,9,0.004341,0.072818
2026-10-01T10:25:27.895Z,muse-spark-1.3-contributor,153968,152305,335,95,0.000538,0.026348
2026-10-01T10:25:28.177Z,muse-spark-1.3-contributor,116788,102129,263,158,0.001723,0.034761
2026-10-01T10:25:32.178Z,muse-spark-1.3-contributor,131071,116721,162,57,0.001701,0.036134
2026-10-01T10:25:36.357Z,muse-spark-1.3-contributor,137648,131057,285,180,0.000978,0.029109
2026-10-01T10:25:39.352Z,muse-spark-1.3-contributor,154928,153841,779,535,0.000572,0.027746
2026-10-01T10:25:44.195Z,muse-spark-1.3-contributor,147076,137585,131,5,0.001250,0.033058
2026-10-01T10:25:45.092Z,muse-spark-1.3-contributor,157216,154865,331,162,0.000611,0.027575
2026-10-01T10:25:48.690Z,muse-spark-1.3-contributor,164637,147057,138,33,0.002080,0.044620
2026-10-01T10:25:51.807Z,muse-spark-1.3-contributor,171926,164593,130,25,0.001088,0.034408
2026-10-01T10:25:54.814Z,muse-spark-1.3-contributor,175859,171889,110,5,0.000763,0.031213
2026-10-01T10:25:55.056Z,muse-spark-1.3-contributor,158829,157169,474,388,0.000575,0.027665
2026-10-01T10:25:56.344Z,muse-spark-1.3-contributor,51518,49009,5843,5593,0.001518,0.035320
2026-10-01T10:26:00.168Z,muse-spark-1.3-contributor,181384,175857,116,11,0.000928,0.033780
2026-10-01T10:26:02.814Z,muse-spark-1.3-contributor,159933,158705,431,218,0.000526,0.027172
2026-10-01T10:26:11.676Z,muse-spark-1.3-contributor,161622,159857,537,258,0.000604,0.028467
2026-10-01T10:26:22.705Z,muse-spark-1.3-contributor,163718,161521,654,398,0.000674,0.029754
2026-10-01T10:26:34.316Z,muse-spark-1.3-contributor,165783,163697,749,496,0.000686,0.030345
2026-10-01T10:26:46.944Z,muse-spark-1.3-contributor,191254,187249,5924,5755,0.001960,0.058271
2026-10-01T10:26:48.109Z,muse-spark-1.3-contributor,185154,181361,4679,4195,0.001678,0.051831
2026-10-01T10:26:48.683Z,muse-spark-1.3-contributor,167862,165745,634,415,0.000670,0.030203
2026-10-01T10:26:56.535Z,muse-spark-1.3-contributor,169661,167793,590,212,0.000640,0.030011
2026-10-01T10:27:05.902Z,muse-spark-1.3-contributor,171425,169585,482,235,0.000620,0.029786
2026-10-01T10:27:07.396Z,muse-spark-1.3-contributor,191133,8433,376,217,0.018362,0.231238
2026-10-01T10:27:07.739Z,muse-spark-1.3-contributor,198481,8433,169,89,0.019055,0.239543
2026-10-01T10:27:14.673Z,muse-spark-1.3-contributor,174178,171377,360,244,0.000695,0.030738
2026-10-01T10:27:22.854Z,muse-spark-1.3-contributor,175490,174065,431,116,0.000577,0.029723
2026-10-01T10:27:26.341Z,muse-spark-1.3-contributor,191584,191089,233,14,0.000478,0.030272
2026-10-01T10:27:31.150Z,muse-spark-1.3-contributor,177234,175473,300,134,0.000587,0.029797
2026-10-01T10:27:46.795Z,muse-spark-1.3-contributor,179347,177137,695,386,0.000714,0.032287
2026-10-01T10:27:49.140Z,muse-spark-1.3-contributor,191886,191473,65,19,0.000437,0.029513
2026-10-01T10:28:00.165Z,muse-spark-1.3-contributor,181567,179313,416,228,0.000667,0.031482
2026-10-01T10:28:10.768Z,muse-spark-1.3-contributor,183508,181489,578,463,0.000680,0.032204
2026-10-01T10:28:54.049Z,muse-spark-1.3-contributor,184233,183409,1083,748,0.000666,0.033144
2026-10-01T10:29:13.784Z,muse-spark-1.3-contributor,187074,184177,1110,960,0.000880,0.035965
2026-10-01T10:30:43.212Z,muse-spark-1.3-contributor,189371,186993,7719,3069,0.002156,0.063827
2026-10-01T10:31:25.481Z,muse-spark-1.3-contributor,26189,26097,151,30,0.000092,0.004671
2026-10-01T10:31:27.758Z,muse-spark-1.3-contributor,26216,13809,334,198,0.001335,0.019000
2026-10-01T10:31:30.164Z,muse-spark-1.3-contributor,26741,26097,127,5,0.000142,0.005259
2026-10-01T10:31:30.355Z,muse-spark-1.3-contributor,26189,26097,158,43,0.000093,0.004701
2026-10-01T10:31:32.403Z,muse-spark-1.3-contributor,26216,14705,163,36,0.001213,0.017287
2026-10-01T10:31:37.536Z,muse-spark-1.3-contributor,26189,5361,421,299,0.002178,0.028628
2026-10-01T10:31:39.642Z,muse-spark-1.3-contributor,26216,0,232,85,0.002668,0.033756
2026-10-01T10:31:40.124Z,muse-spark-1.3-contributor,39223,26737,411,356,0.001384,0.021365
2026-10-01T10:31:40.690Z,muse-spark-1.3-contributor,35872,14065,336,281,0.002276,0.030797
2026-10-01T10:31:41.084Z,muse-spark-1.3-contributor,26189,14705,169,53,0.001212,0.017279
2026-10-01T10:31:41.371Z,muse-spark-1.3-contributor,26967,26097,129,8,0.000165,0.005550
2026-10-01T10:31:44.729Z,muse-spark-1.3-contributor,31356,26097,1102,869,0.000798,0.015172
2026-10-01T10:31:45.814Z,muse-spark-1.3-contributor,26216,5361,164,24,0.002129,0.027570
2026-10-01T10:31:49.580Z,muse-spark-1.3-contributor,39416,26865,358,303,0.001380,0.021240
2026-10-01T10:31:52.169Z,muse-spark-1.3-contributor,35499,26097,695,494,0.001131,0.018621
2026-10-01T10:31:53.902Z,muse-spark-1.3-contributor,35881,14705,384,309,0.002224,0.030308
2026-10-01T10:32:01.981Z,muse-spark-1.3-contributor,38242,35441,626,265,0.000476,0.011478
2026-10-01T10:32:02.551Z,muse-spark-1.3-contributor,47582,39153,1718,550,0.001265,0.023711
2026-10-01T10:32:03.293Z,muse-spark-1.3-contributor,35382,26097,845,621,0.001150,0.019112
2026-10-01T10:32:03.609Z,muse-spark-1.3-contributor,44156,26097,1981,307,0.002254,0.034908
2026-10-01T10:32:07.574Z,muse-spark-1.3-contributor,44213,35825,1321,192,0.001175,0.021473
2026-10-01T10:32:07.833Z,muse-spark-1.3-contributor,20195,8561,141,43,0.001209,0.016426
2026-10-01T10:32:08.814Z,muse-spark-1.3-contributor,20206,12529,112,15,0.000815,0.011952
2026-10-01T10:32:10.016Z,muse-spark-1.3-contributor,20199,0,186,67,0.002057,0.026039
2026-10-01T10:32:10.137Z,muse-spark-1.3-contributor,20172,19697,128,6,0.000112,0.004092
2026-10-01T10:32:10.318Z,muse-spark-1.3-contributor,20235,19697,179,31,0.000129,0.004388
2026-10-01T10:32:11.626Z,muse-spark-1.3-contributor,26082,20081,107,6,0.000662,0.010968
2026-10-01T10:32:11.825Z,muse-spark-1.3-contributor,20174,19697,127,7,0.000112,0.004091
2026-10-01T10:32:12.565Z,muse-spark-1.3-contributor,47722,39409,2820,728,0.001474,0.028288
2026-10-01T10:32:12.676Z,muse-spark-1.3-contributor,26064,19697,109,8,0.000698,0.011377
2026-10-01T10:32:13.239Z,muse-spark-1.3-contributor,20202,19697,188,69,0.000127,0.004385
2026-10-01T10:32:14.764Z,muse-spark-1.3-contributor,26524,25969,192,84,0.000146,0.005405
2026-10-01T10:32:19.315Z,muse-spark-1.3-contributor,35365,26097,3638,3371,0.001707,0.030961
2026-10-01T10:32:20.539Z,muse-spark-1.3-contributor,26859,26481,540,109,0.000199,0.006740
2026-10-01T10:32:22.237Z,muse-spark-1.3-contributor,26619,25969,215,111,0.000160,0.005622
2026-10-01T10:32:25.114Z,muse-spark-1.3-contributor,55994,26737,278,23,0.003035,0.041763
2026-10-01T10:32:26.359Z,muse-spark-1.3-contributor,22268,20081,595,175,0.000378,0.008275
2026-10-01T10:32:33.457Z,muse-spark-1.3-contributor,37848,22257,422,5,0.001688,0.024621
2026-10-01T10:32:44.167Z,muse-spark-1.3-contributor,26189,26097,203,52,0.000102,0.004892
2026-10-01T10:32:46.111Z,muse-spark-1.3-contributor,26216,26097,177,39,0.000099,0.004816
2026-10-01T10:32:50.645Z,muse-spark-1.3-contributor,26189,8433,267,132,0.001846,0.024595
2026-10-01T10:32:54.067Z,muse-spark-1.3-contributor,26216,5361,142,35,0.002125,0.027476
2026-10-01T10:32:55.705Z,muse-spark-1.3-contributor,26189,26097,198,80,0.000101,0.004871
2026-10-01T10:32:59.901Z,muse-spark-1.3-contributor,26216,26097,120,6,0.000088,0.004573
2026-10-01T10:33:00.094Z,muse-spark-1.3-contributor,38645,26097,407,352,0.001388,0.021329
2026-10-01T10:33:01.741Z,muse-spark-1.3-contributor,37758,26097,156,11,0.001249,0.019154
2026-10-01T10:33:02.227Z,muse-spark-1.3-contributor,26189,26097,199,64,0.000101,0.004875
2026-10-01T10:33:05.264Z,muse-spark-1.3-contributor,26216,26097,157,11,0.000095,0.004731
2026-10-01T10:33:06.166Z,muse-spark-1.3-contributor,32857,26225,1425,1138,0.001001,0.018280
2026-10-01T10:33:08.009Z,muse-spark-1.3-contributor,42553,37745,291,236,0.000614,0.012908
2026-10-01T10:33:09.367Z,muse-spark-1.3-contributor,38575,26097,328,270,0.001366,0.020906
2026-10-01T10:33:11.616Z,muse-spark-1.3-contributor,38592,26097,378,323,0.001377,0.021140
2026-10-01T10:33:14.833Z,muse-spark-1.3-contributor,31112,26097,742,573,0.000702,0.013337
2026-10-01T10:33:15.438Z,muse-spark-1.3-contributor,30468,14705,725,623,0.001751,0.024991
2026-10-01T10:33:18.662Z,muse-spark-1.3-contributor,35379,26097,747,547,0.001130,0.018692
2026-10-01T10:33:22.268Z,muse-spark-1.3-contributor,47000,0,2048,944,0.005110,0.067454
2026-10-01T10:33:25.033Z,muse-spark-1.3-contributor,38377,35313,268,20,0.000431,0.010266
2026-10-01T10:33:25.478Z,muse-spark-1.3-contributor,40929,32753,1844,450,0.001252,0.022970
2026-10-01T10:33:25.947Z,muse-spark-1.3-contributor,46851,38513,1670,454,0.001245,0.023297
2026-10-01T10:33:28.404Z,muse-spark-1.3-contributor,50792,42481,2155,567,0.001347,0.025920
2026-10-01T10:33:32.776Z,muse-spark-1.3-contributor,46918,38513,1900,482,0.001298,0.024358
2026-10-01T10:33:37.244Z,muse-spark-1.3-contributor,20363,19697,157,24,0.000137,0.004454
2026-10-01T10:33:39.092Z,muse-spark-1.3-contributor,20328,5361,197,53,0.001547,0.020350
2026-10-01T10:33:39.224Z,muse-spark-1.3-contributor,20249,19697,166,37,0.000128,0.004350
2026-10-01T10:33:39.800Z,muse-spark-1.3-contributor,20343,19697,134,21,0.000131,0.004332
2026-10-01T10:33:40.619Z,muse-spark-1.3-contributor,20293,0,291,116,0.002087,0.026603
2026-10-01T10:33:41.526Z,muse-spark-1.3-contributor,20332,19697,286,149,0.000160,0.004964
2026-10-01T10:33:42.539Z,muse-spark-1.3-contributor,33204,30449,738,110,0.000484,0.011148
2026-10-01T10:33:47.303Z,muse-spark-1.3-contributor,24331,20337,675,20,0.000575,0.010912
2026-10-01T10:33:50.289Z,muse-spark-1.3-contributor,33872,20337,93,12,0.001413,0.020365
2026-10-01T10:33:52.237Z,muse-spark-1.3-contributor,20255,13041,137,41,0.000775,0.011556
2026-10-01T10:33:55.930Z,muse-spark-1.3-contributor,34675,33777,451,43,0.000248,0.008106
2026-10-01T10:33:56.851Z,muse-spark-1.3-contributor,50726,24305,682,23,0.002827,0.039571
2026-10-01T10:33:57.024Z,muse-spark-1.3-contributor,26138,19697,100,4,0.000703,0.011431
2026-10-01T10:34:12.609Z,muse-spark-1.3-contributor,26189,26097,219,92,0.000105,0.004960
2026-10-01T10:34:13.346Z,muse-spark-1.3-contributor,26216,8945,369,208,0.001819,0.024499
2026-10-01T10:34:15.951Z,muse-spark-1.3-contributor,26189,26097,318,172,0.000125,0.005381
2026-10-01T10:34:20.332Z,muse-spark-1.3-contributor,26189,26097,169,35,0.000095,0.004748
2026-10-01T10:34:22.165Z,muse-spark-1.3-contributor,29034,26097,167,10,0.000379,0.008296
2026-10-01T10:34:22.484Z,muse-spark-1.3-contributor,35193,26097,130,11,0.000988,0.015837
2026-10-01T10:34:24.753Z,muse-spark-1.3-contributor,26216,8433,571,412,0.001909,0.025920
2026-10-01T10:34:25.848Z,muse-spark-1.3-contributor,26216,8433,328,172,0.001861,0.024888
2026-10-01T10:34:26.586Z,muse-spark-1.3-contributor,26189,26097,201,80,0.000102,0.004884
2026-10-01T10:34:29.775Z,muse-spark-1.3-contributor,26216,26097,162,6,0.000096,0.004752
2026-10-01T10:34:31.557Z,muse-spark-1.3-contributor,35149,26097,147,14,0.000987,0.015854
2026-10-01T10:34:33.649Z,muse-spark-1.3-contributor,33860,28913,596,541,0.000672,0.013054
2026-10-01T10:34:34.733Z,muse-spark-1.3-contributor,47751,35185,471,416,0.001421,0.022987
2026-10-01T10:34:37.516Z,muse-spark-1.3-contributor,34173,11377,1348,1084,0.002572,0.035931
2026-10-01T10:34:39.036Z,muse-spark-1.3-contributor,35168,26097,148,11,0.000989,0.015882
2026-10-01T10:34:42.896Z,muse-spark-1.3-contributor,35608,26097,918,725,0.001187,0.019705
2026-10-01T10:34:43.663Z,muse-spark-1.3-contributor,32329,26097,1027,693,0.000881,0.016069
2026-10-01T10:34:49.408Z,muse-spark-1.3-contributor,37129,35057,120,0,0.000301,0.008359
2026-10-01T10:34:49.476Z,muse-spark-1.3-contributor,47530,35057,589,505,0.001435,0.023353
2026-10-01T10:34:50.868Z,muse-spark-1.3-contributor,33962,26097,1090,815,0.001057,0.018378
2026-10-01T10:34:58.861Z,muse-spark-1.3-contributor,42143,37105,504,409,0.000679,0.014005
2026-10-01T10:35:04.012Z,muse-spark-1.3-contributor,40892,35569,1540,501,0.000911,0.018534
2026-10-01T10:35:13.087Z,muse-spark-1.3-contributor,56067,47473,2317,345,0.001418,0.027711
2026-10-01T10:35:16.159Z,muse-spark-1.3-contributor,42404,33777,2885,1031,0.001507,0.028112
2026-10-01T10:35:31.916Z,muse-spark-1.3-contributor,56170,47729,2115,361,0.001363,0.026699
2026-10-01T10:35:34.550Z,muse-spark-1.3-contributor,50595,42097,3041,1364,0.001542,0.029861
2026-10-01T10:35:36.032Z,muse-spark-1.3-contributor,20198,8433,149,52,0.001223,0.016604
2026-10-01T10:35:38.651Z,muse-spark-1.3-contributor,20223,19697,140,20,0.000120,0.004207
2026-10-01T10:35:45.839Z,muse-spark-1.3-contributor,26189,26097,203,60,0.000102,0.004892
2026-10-01T10:35:50.124Z,muse-spark-1.3-contributor,26216,26097,325,170,0.000129,0.005445
2026-10-01T10:35:54.509Z,muse-spark-1.3-contributor,26189,26097,192,23,0.000100,0.004846
2026-10-01T10:35:56.814Z,muse-spark-1.3-contributor,38586,26097,482,403,0.001397,0.021574
2026-10-01T10:35:58.352Z,muse-spark-1.3-contributor,26216,8433,475,318,0.001890,0.025512
2026-10-01T10:36:02.409Z,muse-spark-1.3-contributor,26189,26097,323,164,0.000126,0.005402
2026-10-01T10:36:02.643Z,muse-spark-1.3-contributor,26216,14065,128,7,0.001269,0.017843
2026-10-01T10:36:02.838Z,muse-spark-1.3-contributor,38602,26097,309,251,0.001364,0.020859
2026-10-01T10:36:04.729Z,muse-spark-1.3-contributor,26189,26097,221,73,0.000106,0.004969
2026-10-01T10:36:05.501Z,muse-spark-1.3-contributor,34125,26097,1156,919,0.001086,0.018863
2026-10-01T10:36:09.316Z,muse-spark-1.3-contributor,26216,26097,299,156,0.000124,0.005334
2026-10-01T10:36:12.536Z,muse-spark-1.3-contributor,38611,26097,330,275,0.001370,0.020960
2026-10-01T10:36:14.420Z,muse-spark-1.3-contributor,38679,26097,613,558,0.001433,0.022247
2026-10-01T10:36:15.337Z,muse-spark-1.3-contributor,34275,26097,1174,1029,0.001105,0.019127
2026-10-01T10:36:19.817Z,muse-spark-1.3-contributor,41975,34033,967,489,0.001056,0.019142
2026-10-01T10:36:25.136Z,muse-spark-1.3-contributor,31330,26225,1145,940,0.000792,0.015181
2026-10-01T10:36:25.371Z,muse-spark-1.3-contributor,35653,34161,485,177,0.000315,0.009050
2026-10-01T10:36:28.190Z,muse-spark-1.3-contributor,46859,38513,2535,571,0.001419,0.026983
2026-10-01T10:36:28.575Z,muse-spark-1.3-contributor,47016,38513,2285,627,0.001384,0.026117
2026-10-01T10:36:29.480Z,muse-spark-1.3-contributor,34089,26097,1604,1371,0.001172,0.020722
2026-10-01T10:36:29.666Z,muse-spark-1.3-contributor,46889,38513,1611,114,0.001237,0.023094
2026-10-01T10:36:42.454Z,muse-spark-1.3-contributor,38567,34033,609,198,0.000643,0.013361
2026-10-01T10:36:46.010Z,muse-spark-1.3-contributor,47240,38641,2607,678,0.001459,0.027625
2026-10-01T10:37:46.296Z,muse-spark-1.3-contributor,26189,26097,264,138,0.000114,0.005152
2026-10-01T10:37:47.844Z,muse-spark-1.3-contributor,26216,26097,237,135,0.000111,0.005071
2026-10-01T10:37:51.724Z,muse-spark-1.3-contributor,26189,26097,407,322,0.000143,0.005759
2026-10-01T10:37:52.795Z,muse-spark-1.3-contributor,26216,26097,168,37,0.000098,0.004777
2026-10-01T10:37:54.891Z,muse-spark-1.3-contributor,38630,26097,290,235,0.001363,0.020813
2026-10-01T10:37:55.831Z,muse-spark-1.3-contributor,26189,26097,176,24,0.000097,0.004778
2026-10-01T10:37:58.752Z,muse-spark-1.3-contributor,30567,26097,457,310,0.000591,0.011444
2026-10-01T10:37:58.999Z,muse-spark-1.3-contributor,26216,26097,191,79,0.000102,0.004875
2026-10-01T10:38:04.155Z,muse-spark-1.3-contributor,38573,26097,457,372,0.001391,0.021452
2026-10-01T10:38:04.640Z,muse-spark-1.3-contributor,35376,26097,558,400,0.001092,0.017885
2026-10-01T10:38:05.884Z,muse-spark-1.3-contributor,34544,26097,1120,128,0.001121,0.019233
2026-10-01T10:38:06.492Z,muse-spark-1.3-contributor,26189,26097,490,307,0.000159,0.006112
2026-10-01T10:38:08.388Z,muse-spark-1.3-contributor,26216,26097,555,456,0.000175,0.006422
2026-10-01T10:38:08.732Z,muse-spark-1.3-contributor,31207,30449,465,234,0.000230,0.007491
2026-10-01T10:38:09.952Z,muse-spark-1.3-contributor,31183,26097,762,496,0.000713,0.013511
2026-10-01T10:38:14.674Z,muse-spark-1.3-contributor,39469,26097,348,293,0.001459,0.022109
2026-10-01T10:38:17.258Z,muse-spark-1.3-contributor,27815,26097,482,374,0.000320,0.008111
2026-10-01T10:38:18.410Z,muse-spark-1.3-contributor,46868,38513,1660,204,0.001245,0.023276
2026-10-01T10:38:21.228Z,muse-spark-1.3-contributor,32700,31089,571,348,0.000337,0.009104
2026-10-01T10:38:22.086Z,muse-spark-1.3-contributor,46978,38513,1888,534,0.001301,0.024382
2026-10-01T10:38:23.019Z,muse-spark-1.3-contributor,35582,31089,1127,334,0.000737,0.015069
2026-10-01T10:38:24.159Z,muse-spark-1.3-contributor,41565,35313,1064,699,0.000909,0.017634
2026-10-01T10:38:52.522Z,muse-spark-1.3-contributor,47765,39409,3213,749,0.001557,0.030012
2026-10-01T10:39:35.478Z,muse-spark-1.3-contributor,26189,26097,239,112,0.000109,0.005045
2026-10-01T10:39:39.294Z,muse-spark-1.3-contributor,26189,0,201,79,0.002659,0.033591
2026-10-01T10:39:40.191Z,muse-spark-1.3-contributor,26216,26097,430,271,0.000150,0.005891
2026-10-01T10:39:46.030Z,muse-spark-1.3-contributor,35213,26097,129,9,0.000990,0.015858
2026-10-01T10:39:46.445Z,muse-spark-1.3-contributor,26216,14705,632,501,0.001307,0.019280
2026-10-01T10:39:47.850Z,muse-spark-1.3-contributor,26189,26097,255,117,0.000112,0.005113
2026-10-01T10:39:49.931Z,muse-spark-1.3-contributor,35179,26097,141,11,0.000989,0.015866
2026-10-01T10:39:50.876Z,muse-spark-1.3-contributor,26482,26097,104,5,0.000111,0.004838
2026-10-01T10:39:51.007Z,muse-spark-1.3-contributor,26216,26097,397,285,0.000143,0.005751
2026-10-01T10:39:52.358Z,muse-spark-1.3-contributor,26189,26097,203,55,0.000102,0.004892
2026-10-01T10:39:54.789Z,muse-spark-1.3-contributor,47608,35185,431,346,0.001399,0.022638
2026-10-01T10:39:55.303Z,muse-spark-1.3-contributor,26963,26097,116,8,0.000162,0.005490
2026-10-01T10:39:56.282Z,muse-spark-1.3-contributor,26216,26097,245,111,0.000113,0.005105
2026-10-01T10:40:01.434Z,muse-spark-1.3-contributor,47535,35057,656,525,0.001449,0.023644
2026-10-01T10:40:02.020Z,muse-spark-1.3-contributor,38596,26097,457,372,0.001393,0.021481
2026-10-01T10:40:02.057Z,muse-spark-1.3-contributor,36358,26097,868,556,0.001252,0.020430
2026-10-01T10:40:03.958Z,muse-spark-1.3-contributor,38769,26481,421,366,0.001366,0.021121
2026-10-01T10:40:06.264Z,muse-spark-1.3-contributor,35719,26097,1425,1097,0.001299,0.021998
2026-10-01T10:40:06.438Z,muse-spark-1.3-contributor,48365,47473,167,112,0.000218,0.008946
2026-10-01T10:40:09.785Z,muse-spark-1.3-contributor,55987,47601,1461,349,0.001226,0.023832
2026-10-01T10:40:10.014Z,muse-spark-1.3-contributor,31121,26865,1211,1012,0.000722,0.014497
2026-10-01T10:40:21.239Z,muse-spark-1.3-contributor,47001,38513,2215,582,0.001369,0.025801
2026-10-01T10:40:22.024Z,muse-spark-1.3-contributor,34866,26097,822,303,0.001093,0.018369
2026-10-01T10:40:27.047Z,muse-spark-1.3-contributor,31304,26097,907,699,0.000754,0.014278
2026-10-01T10:40:29.882Z,muse-spark-1.3-contributor,47138,38769,1818,731,0.001278,0.024003
2026-10-01T10:40:34.018Z,muse-spark-1.3-contributor,56480,48241,2875,702,0.001495,0.029754
2026-10-01T10:40:48.461Z,muse-spark-1.3-contributor,26189,26097,226,54,0.000107,0.004990
2026-10-01T10:40:55.754Z,muse-spark-1.3-contributor,26216,26097,335,174,0.000131,0.005487
2026-10-01T10:40:57.150Z,muse-spark-1.3-contributor,38645,26097,467,412,0.001400,0.021584
2026-10-01T10:40:57.945Z,muse-spark-1.3-contributor,26189,26097,607,408,0.000183,0.006609
2026-10-01T10:41:00.100Z,muse-spark-1.3-contributor,26216,26097,264,121,0.000117,0.005185
2026-10-01T10:41:03.426Z,muse-spark-1.3-contributor,26189,26097,203,59,0.000102,0.004892
2026-10-01T10:41:04.413Z,muse-spark-1.3-contributor,26216,26097,193,64,0.000103,0.004884
2026-10-01T10:41:07.225Z,muse-spark-1.3-contributor,34139,26097,632,415,0.000983,0.016653
2026-10-01T10:41:07.548Z,muse-spark-1.3-contributor,26189,26097,251,101,0.000112,0.005096
2026-10-01T10:41:10.389Z,muse-spark-1.3-contributor,36296,26097,137,11,0.001099,0.017246
2026-10-01T10:41:10.672Z,muse-spark-1.3-contributor,26216,26097,125,12,0.000089,0.004595
2026-10-01T10:41:11.526Z,muse-spark-1.3-contributor,39002,26097,744,661,0.001491,0.023208
2026-10-01T10:41:14.152Z,muse-spark-1.3-contributor,32010,26097,834,600,0.000810,0.014850
2026-10-01T10:41:16.993Z,muse-spark-1.3-contributor,38644,26097,452,397,0.001397,0.021519
2026-10-01T10:41:17.464Z,muse-spark-1.3-contributor,37399,34033,727,303,0.000550,0.012402
2026-10-01T10:41:17.842Z,muse-spark-1.3-contributor,47060,38641,2450,271,0.001409,0.026732
2026-10-01T10:41:18.520Z,muse-spark-1.3-contributor,34847,26097,835,649,0.001094,0.018401
2026-10-01T10:41:24.063Z,muse-spark-1.3-contributor,42960,36209,566,511,0.000861,0.016276
2026-10-01T10:41:27.085Z,muse-spark-1.3-contributor,30517,26097,696,487,0.000633,0.012398
2026-10-01T10:41:32.034Z,muse-spark-1.3-contributor,47044,38641,1441,406,0.001206,0.022424
2026-10-01T10:41:35.196Z,muse-spark-1.3-contributor,47694,38897,2440,622,0.001445,0.027201
2026-10-01T10:41:59.278Z,muse-spark-1.3-contributor,51474,42865,2816,789,0.001510,0.029159
2026-10-01T10:42:12.162Z,muse-spark-1.3-contributor,26189,26097,379,235,0.000137,0.005640
2026-10-01T10:42:14.031Z,muse-spark-1.3-contributor,26216,26097,198,93,0.000104,0.004905
2026-10-01T10:42:17.234Z,muse-spark-1.3-contributor,26189,26097,161,40,0.000094,0.004714
2026-10-01T10:42:19.218Z,muse-spark-1.3-contributor,30077,26097,109,5,0.000472,0.009353
2026-10-01T10:42:20.551Z,muse-spark-1.3-contributor,26216,26097,216,104,0.000107,0.004981
2026-10-01T10:42:21.132Z,muse-spark-1.3-contributor,26751,26097,110,5,0.000140,0.005200
2026-10-01T10:42:23.092Z,muse-spark-1.3-contributor,26189,0,182,50,0.002655,0.033510
2026-10-01T10:42:25.367Z,muse-spark-1.3-contributor,39335,26097,501,378,0.001476,0.022591
2026-10-01T10:42:26.111Z,muse-spark-1.3-contributor,26216,26097,167,6,0.000097,0.004773
2026-10-01T10:42:29.587Z,muse-spark-1.3-contributor,26189,26097,191,57,0.000100,0.004841
2026-10-01T10:42:31.745Z,muse-spark-1.3-contributor,38558,26097,416,361,0.001381,0.021259
2026-10-01T10:42:32.002Z,muse-spark-1.3-contributor,44443,39281,322,242,0.000659,0.013713
2026-10-01T10:42:36.419Z,muse-spark-1.3-contributor,35275,30065,1329,979,0.000847,0.016671
2026-10-01T10:42:37.097Z,muse-spark-1.3-contributor,39688,26737,531,476,0.001455,0.022456
2026-10-01T10:42:37.366Z,muse-spark-1.3-contributor,33971,26097,797,504,0.000999,0.017144
2026-10-01T10:42:38.487Z,muse-spark-1.3-contributor,26216,26097,694,510,0.000203,0.007013
2026-10-01T10:42:42.180Z,muse-spark-1.3-contributor,35178,26097,143,10,0.000989,0.015874
2026-10-01T10:42:43.729Z,muse-spark-1.3-contributor,35203,26097,108,6,0.000984,0.015756
2026-10-01T10:42:50.993Z,muse-spark-1.3-contributor,46922,38513,1919,450,0.001302,0.024444
2026-10-01T10:42:51.343Z,muse-spark-1.3-contributor,40904,35057,396,313,0.000734,0.014250
2026-10-01T10:42:51.654Z,muse-spark-1.3-contributor,52713,44401,2153,363,0.001351,0.026200
2026-10-01T10:42:54.106Z,muse-spark-1.3-contributor,39280,33905,1604,359,0.000926,0.018621
2026-10-01T10:42:54.413Z,muse-spark-1.3-contributor,43981,35185,1546,350,0.001259,0.022843
2026-10-01T10:42:58.936Z,muse-spark-1.3-contributor,35667,26097,1411,1283,0.001291,0.021874
2026-10-01T10:42:59.390Z,muse-spark-1.3-contributor,40396,35185,1213,897,0.000834,0.016947
2026-10-01T10:43:00.839Z,muse-spark-1.3-contributor,48167,39665,1861,252,0.001302,0.024487
2026-10-01T10:43:04.290Z,muse-spark-1.3-contributor,20325,19697,123,8,0.000127,0.004262
2026-10-01T10:43:18.718Z,muse-spark-1.3-contributor,49248,40817,2584,925,0.001442,0.027643
2026-10-01T10:43:45.900Z,muse-spark-1.3-contributor,26216,8433,128,6,0.001821,0.024038
2026-10-01T10:43:48.179Z,muse-spark-1.3-contributor,26189,14705,714,569,0.001321,0.019595
2026-10-01T10:43:50.026Z,muse-spark-1.3-contributor,26189,26097,367,216,0.000135,0.005589
2026-10-01T10:43:56.024Z,muse-spark-1.3-contributor,26189,26097,161,42,0.000094,0.004714
2026-10-01T10:43:57.291Z,muse-spark-1.3-contributor,39673,26097,310,255,0.001472,0.022202
2026-10-01T10:43:58.292Z,muse-spark-1.3-contributor,26216,26097,803,687,0.000225,0.007476
2026-10-01T10:43:58.501Z,muse-spark-1.3-contributor,26216,26097,135,6,0.000091,0.004637
2026-10-01T10:43:59.245Z,muse-spark-1.3-contributor,39330,26097,550,472,0.001485,0.022793
2026-10-01T10:44:00.912Z,muse-spark-1.3-contributor,30336,26097,156,10,0.000507,0.009876
2026-10-01T10:44:01.485Z,muse-spark-1.3-contributor,31513,26097,1037,849,0.000801,0.015092
2026-10-01T10:44:02.796Z,muse-spark-1.3-contributor,26189,26097,299,153,0.000121,0.005300
2026-10-01T10:44:06.470Z,muse-spark-1.3-contributor,26216,26097,347,198,0.000133,0.005538
2026-10-01T10:44:10.493Z,muse-spark-1.3-contributor,42718,30321,374,319,0.001375,0.021634
2026-10-01T10:44:11.379Z,muse-spark-1.3-contributor,39260,26097,411,356,0.001451,0.022115
2026-10-01T10:44:13.518Z,muse-spark-1.3-contributor,47828,39281,1143,400,0.001162,0.021434
2026-10-01T10:44:13.655Z,muse-spark-1.3-contributor,35240,26097,950,626,0.001156,0.019381
2026-10-01T10:44:16.954Z,muse-spark-1.3-contributor,35569,26097,636,427,0.001127,0.018458
2026-10-01T10:44:20.493Z,muse-spark-1.3-contributor,47931,39665,2128,549,0.001332,0.025326
2026-10-01T10:44:23.353Z,muse-spark-1.3-contributor,31076,26097,1340,823,0.000818,0.015833
2026-10-01T10:44:32.833Z,muse-spark-1.3-contributor,47619,39153,1995,340,0.001324,0.024934
2026-10-01T10:44:48.429Z,muse-spark-1.3-contributor,51040,42609,3690,748,0.001666,0.032613
2026-10-01T10:45:03.461Z,muse-spark-1.3-contributor,26216,26097,224,79,0.000109,0.005015
2026-10-01T10:45:04.123Z,muse-spark-1.3-contributor,26189,26097,800,652,0.000221,0.007430
2026-10-01T10:45:06.179Z,muse-spark-1.3-contributor,26189,26097,169,57,0.000095,0.004748
2026-10-01T10:45:09.856Z,muse-spark-1.3-contributor,26216,26097,164,5,0.000097,0.004760
2026-10-01T10:45:12.274Z,muse-spark-1.3-contributor,26189,26097,195,46,0.000100,0.004858
2026-10-01T10:45:16.070Z,muse-spark-1.3-contributor,39765,26097,797,652,0.001578,0.024387
2026-10-01T10:45:16.244Z,muse-spark-1.3-contributor,26216,26097,240,117,0.000112,0.005083
2026-10-01T10:45:16.594Z,muse-spark-1.3-contributor,26713,26097,110,5,0.000136,0.005152
2026-10-01T10:45:19.332Z,muse-spark-1.3-contributor,26189,26097,205,51,0.000102,0.004901
2026-10-01T10:45:20.168Z,muse-spark-1.3-contributor,38585,26097,299,241,0.001361,0.020795
2026-10-01T10:45:20.583Z,muse-spark-1.3-contributor,35446,26097,1228,898,0.001233,0.020820
2026-10-01T10:45:21.729Z,muse-spark-1.3-contributor,45177,39665,279,224,0.000686,0.014025
2026-10-01T10:45:21.828Z,muse-spark-1.3-contributor,35507,26097,882,682,0.001170,0.019426
2026-10-01T10:45:24.195Z,muse-spark-1.3-contributor,26216,26097,358,212,0.000136,0.005585
2026-10-01T10:45:26.156Z,muse-spark-1.3-contributor,39641,26609,438,383,0.001444,0.022143
2026-10-01T10:45:28.601Z,muse-spark-1.3-contributor,39338,35441,188,131,0.000498,0.010986
2026-10-01T10:45:31.082Z,muse-spark-1.3-contributor,34919,26097,1126,688,0.001160,0.019728
2026-10-01T10:45:32.044Z,muse-spark-1.3-contributor,38602,26097,350,272,0.001373,0.021033
2026-10-01T10:45:35.211Z,muse-spark-1.3-contributor,46832,38513,1291,368,0.001167,0.021662
2026-10-01T10:45:36.315Z,muse-spark-1.3-contributor,31726,26097,831,628,0.000781,0.014483
2026-10-01T10:45:37.172Z,muse-spark-1.3-contributor,40455,39281,689,154,0.000334,0.010288
2026-10-01T10:45:38.205Z,muse-spark-1.3-contributor,46900,38513,233,109,0.000962,0.017251
2026-10-01T10:45:44.957Z,muse-spark-1.3-contributor,53404,45169,3058,449,0.001525,0.030066
2026-10-01T10:45:46.925Z,muse-spark-1.3-contributor,40673,34801,1617,413,0.000980,0.019432
2026-10-01T10:46:00.287Z,muse-spark-1.3-contributor,48027,39537,2735,720,0.001475,0.028167
2026-10-01T10:46:00.534Z,muse-spark-1.3-contributor,51742,46833,2079,464,0.001000,0.021997
2026-10-01T10:46:04.783Z,muse-spark-1.3-contributor,20331,19697,155,48,0.000134,0.004406
2026-10-01T10:46:10.794Z,muse-spark-1.3-contributor,26189,26097,160,25,0.000093,0.004710
2026-10-01T10:46:14.531Z,muse-spark-1.3-contributor,26216,26097,196,75,0.000103,0.004896
2026-10-01T10:46:18.266Z,muse-spark-1.3-contributor,26189,26097,153,30,0.000092,0.004680
2026-10-01T10:46:18.509Z,muse-spark-1.3-contributor,38534,26097,312,254,0.001358,0.020787
2026-10-01T10:46:21.726Z,muse-spark-1.3-contributor,26216,26097,167,8,0.000097,0.004773
2026-10-01T10:46:24.938Z,muse-spark-1.3-contributor,26189,8433,175,31,0.001827,0.024204
2026-10-01T10:46:27.618Z,muse-spark-1.3-contributor,26216,26097,178,37,0.000100,0.004820
2026-10-01T10:46:30.757Z,muse-spark-1.3-contributor,26189,26097,150,6,0.000091,0.004667
2026-10-01T10:46:31.897Z,muse-spark-1.3-contributor,30552,26097,911,681,0.000680,0.013355
2026-10-01T10:46:32.255Z,muse-spark-1.3-contributor,38564,26097,340,257,0.001367,0.020943
2026-10-01T10:46:35.113Z,muse-spark-1.3-contributor,26216,14065,400,258,0.001323,0.018999
2026-10-01T10:46:36.109Z,muse-spark-1.3-contributor,38520,26097,332,277,0.001361,0.020854
2026-10-01T10:46:36.931Z,muse-spark-1.3-contributor,36368,26097,129,10,0.001105,0.017302
2026-10-01T10:46:39.030Z,muse-spark-1.3-contributor,33971,26097,894,551,0.001018,0.017557
2026-10-01T10:46:43.394Z,muse-spark-1.3-contributor,35396,26097,980,775,0.001178,0.019703
2026-10-01T10:46:46.063Z,muse-spark-1.3-contributor,48877,36337,277,193,0.001382,0.022303
2026-10-01T10:46:46.641Z,muse-spark-1.3-contributor,32139,26097,941,668,0.000845,0.015466
2026-10-01T10:46:52.072Z,muse-spark-1.3-contributor,46794,38513,4420,1332,0.001789,0.034913
2026-10-01T10:46:53.664Z,muse-spark-1.3-contributor,46852,38513,2186,607,0.001348,0.025491
2026-10-01T10:47:01.521Z,muse-spark-1.3-contributor,46800,38513,1692,464,0.001244,0.023327
2026-10-01T10:47:05.246Z,muse-spark-1.3-contributor,20014,12529,160,41,0.000806,0.011916
2026-10-01T10:47:06.215Z,muse-spark-1.3-contributor,20019,12529,125,22,0.000799,0.011773
2026-10-01T10:47:15.691Z,muse-spark-1.3-contributor,57102,48753,2682,265,0.001469,0.029148
